Country,Country Code,Year,PM25
Afghanistan,AFG,2010,51.82178913
Afghanistan,AFG,2011,52.41704109
Afghanistan,AFG,2012,52.80462038
Afghanistan,AFG,2013,53.35536322
Afghanistan,AFG,2014,54.70023262
Afghanistan,AFG,2015,56.24722763
Afghanistan,AFG,2016,57.20370424
Afghanistan,AFG,2017,58.79165857
Afghanistan,AFG,2018,60.59701482
Afghanistan,AFG,2019,61.86532919
Africa Eastern and Southern,AFE,2010,30.87906935
Africa Eastern and Southern,AFE,2011,31.37455603
Africa Eastern and Southern,AFE,2012,31.45743561
Africa Eastern and Southern,AFE,2013,31.77571569
Africa Eastern and Southern,AFE,2014,31.97495258
Africa Eastern and Southern,AFE,2015,32.47383445
Africa Eastern and Southern,AFE,2016,33.11905047
Africa Eastern and Southern,AFE,2017,33.20570775
Africa Eastern and Southern,AFE,2018,33.49567133
Africa Eastern and Southern,AFE,2019,33.83386802
Africa Western and Central,AFW,2010,54.86031083
Africa Western and Central,AFW,2011,54.88501055
Africa Western and Central,AFW,2012,58.30997494
Africa Western and Central,AFW,2013,59.96420445
Africa Western and Central,AFW,2014,61.98744569
Africa Western and Central,AFW,2015,62.75581355
Africa Western and Central,AFW,2016,63.02200227
Africa Western and Central,AFW,2017,63.35737267
Africa Western and Central,AFW,2018,64.26926868
Africa Western and Central,AFW,2019,68.84337382
Albania,ALB,2010,17.81730527
Albania,ALB,2011,18.63878032
Albania,ALB,2012,18.82011853
Albania,ALB,2013,19.01906113
Albania,ALB,2014,19.54397528
Albania,ALB,2015,19.94217042
Albania,ALB,2016,20.05028087
Albania,ALB,2017,21.55597679
Albania,ALB,2018,21.63144957
Albania,ALB,2019,23.414815
Algeria,DZA,2010,30.3495654
Algeria,DZA,2011,31.47118632
Algeria,DZA,2012,31.87523927
Algeria,DZA,2013,31.94215239
Algeria,DZA,2014,32.49110136
Algeria,DZA,2015,32.55274407
Algeria,DZA,2016,32.66295035
Algeria,DZA,2017,32.79009631
Algeria,DZA,2018,32.83308539
Algeria,DZA,2019,33.44000481
American Samoa,ASM,2010,5.495040024
American Samoa,ASM,2011,5.575990242
American Samoa,ASM,2012,5.582985487
American Samoa,ASM,2013,5.822674196
American Samoa,ASM,2014,5.977969295
American Samoa,ASM,2015,6.029516789
American Samoa,ASM,2016,6.300155035
American Samoa,ASM,2017,6.339296397
American Samoa,ASM,2018,6.35907699
American Samoa,ASM,2019,6.543290084
Andorra,AND,2010,8.943875425
Andorra,AND,2011,9.066401367
Andorra,AND,2012,9.137722902
Andorra,AND,2013,9.181820028
Andorra,AND,2014,9.589170072
Andorra,AND,2015,10.22088866
Andorra,AND,2016,10.34568624
Andorra,AND,2017,11.21333853
Andorra,AND,2018,11.25750375
Andorra,AND,2019,12.31364419
Angola,AGO,2010,28.0424247
Angola,AGO,2011,28.23624771
Angola,AGO,2012,28.4208104
Angola,AGO,2013,28.50920176
Angola,AGO,2014,28.62971853
Angola,AGO,2015,28.8143365
Angola,AGO,2016,29.1040242
Angola,AGO,2017,29.11115709
Angola,AGO,2018,29.17977414
Angola,AGO,2019,29.20983831
Antigua and Barbuda,ATG,2010,16.08669375
Antigua and Barbuda,ATG,2011,16.48732491
Antigua and Barbuda,ATG,2012,16.78599453
Antigua and Barbuda,ATG,2013,16.89122391
Antigua and Barbuda,ATG,2014,16.94753609
Antigua and Barbuda,ATG,2015,17.18390999
Antigua and Barbuda,ATG,2016,17.5653142
Antigua and Barbuda,ATG,2017,17.59200058
Antigua and Barbuda,ATG,2018,17.6733477
Antigua and Barbuda,ATG,2019,18.14588457
Arab World,ARB,2010,48.20921607
Arab World,ARB,2011,48.32636241
Arab World,ARB,2012,49.22713935
Arab World,ARB,2013,49.33543212
Arab World,ARB,2014,49.36326699
Arab World,ARB,2015,50.30443201
Arab World,ARB,2016,50.99863013
Arab World,ARB,2017,51.14639653
Arab World,ARB,2018,51.65149066
Arab World,ARB,2019,52.46005134
Argentina,ARG,2010,13.35883878
Argentina,ARG,2011,13.51118918
Argentina,ARG,2012,13.61076539
Argentina,ARG,2013,13.63250289
Argentina,ARG,2014,13.7363052
Argentina,ARG,2015,13.77937715
Argentina,ARG,2016,14.11129971
Argentina,ARG,2017,14.18995612
Argentina,ARG,2018,14.58721171
Argentina,ARG,2019,14.70187086
Armenia,ARM,2010,33.65637939
Armenia,ARM,2011,34.03041055
Armenia,ARM,2012,34.24036582
Armenia,ARM,2013,34.90719855
Armenia,ARM,2014,35.39548583
Armenia,ARM,2015,37.38765045
Armenia,ARM,2016,38.00214063
Armenia,ARM,2017,38.4153887
Armenia,ARM,2018,39.93109313
Armenia,ARM,2019,40.53562091
Australia,AUS,2010,6.673638956
Australia,AUS,2011,6.707494797
Australia,AUS,2012,6.738086439
Australia,AUS,2013,6.745497859
Australia,AUS,2014,6.785235613
Australia,AUS,2015,6.815366192
Australia,AUS,2016,6.848476723
Australia,AUS,2017,6.880050681
Australia,AUS,2018,6.964302296
Australia,AUS,2019,6.995491287
Austria,AUT,2010,11.96813105
Austria,AUT,2011,12.16821803
Austria,AUT,2012,12.30410306
Austria,AUT,2013,12.31952644
Austria,AUT,2014,12.81319702
Austria,AUT,2015,13.35116934
Austria,AUT,2016,14.50094818
Austria,AUT,2017,14.50183038
Austria,AUT,2018,15.7085395
Austria,AUT,2019,16.0961842
Azerbaijan,AZE,2010,24.38549474
Azerbaijan,AZE,2011,25.0632901
Azerbaijan,AZE,2012,25.08164307
Azerbaijan,AZE,2013,25.13594199
Azerbaijan,AZE,2014,25.4950546
Azerbaijan,AZE,2015,26.06618737
Azerbaijan,AZE,2016,27.00590351
Azerbaijan,AZE,2017,27.48496809
Azerbaijan,AZE,2018,28.23862769
Azerbaijan,AZE,2019,28.76775881
"Bahamas, The",BHS,2010,15.39542797
"Bahamas, The",BHS,2011,15.43740141
"Bahamas, The",BHS,2012,15.59065792
"Bahamas, The",BHS,2013,15.61181668
"Bahamas, The",BHS,2014,15.70876377
"Bahamas, The",BHS,2015,15.72864111
"Bahamas, The",BHS,2016,15.86345443
"Bahamas, The",BHS,2017,16.18216874
"Bahamas, The",BHS,2018,16.20392015
"Bahamas, The",BHS,2019,16.42049683
Bahrain,BHR,2010,59.21710593
Bahrain,BHR,2011,59.51273914
Bahrain,BHR,2012,60.43815811
Bahrain,BHR,2013,61.64582457
Bahrain,BHR,2014,61.67431284
Bahrain,BHR,2015,63.75377018
Bahrain,BHR,2016,64.28454239
Bahrain,BHR,2017,65.33843793
Bahrain,BHR,2018,66.36107967
Bahrain,BHR,2019,68.07534915
Bangladesh,BGD,2010,56.41649854
Bangladesh,BGD,2011,60.5358739
Bangladesh,BGD,2012,62.75318316
Bangladesh,BGD,2013,63.27546257
Bangladesh,BGD,2014,63.4255285
Bangladesh,BGD,2015,66.42738113
Bangladesh,BGD,2016,67.7673598
Bangladesh,BGD,2017,68.94271136
Bangladesh,BGD,2018,68.97033719
Bangladesh,BGD,2019,73.27082296
Barbados,BRB,2010,19.16245671
Barbados,BRB,2011,19.93972371
Barbados,BRB,2012,20.0960981
Barbados,BRB,2013,20.12125502
Barbados,BRB,2014,20.19670971
Barbados,BRB,2015,20.92639263
Barbados,BRB,2016,21.08043284
Barbados,BRB,2017,21.26503022
Barbados,BRB,2018,21.34389367
Barbados,BRB,2019,21.94444639
Belarus,BLR,2010,16.40896425
Belarus,BLR,2011,16.42351285
Belarus,BLR,2012,16.50189248
Belarus,BLR,2013,16.71207883
Belarus,BLR,2014,18.50294397
Belarus,BLR,2015,18.88122818
Belarus,BLR,2016,19.55318145
Belarus,BLR,2017,19.78007712
Belarus,BLR,2018,20.21540632
Belarus,BLR,2019,22.09841962
Belgium,BEL,2010,12.37628991
Belgium,BEL,2011,12.6724532
Belgium,BEL,2012,12.76304285
Belgium,BEL,2013,12.82757618
Belgium,BEL,2014,12.83901513
Belgium,BEL,2015,13.20164452
Belgium,BEL,2016,14.23228565
Belgium,BEL,2017,15.11497046
Belgium,BEL,2018,16.14879057
Belgium,BEL,2019,16.88463686
Belize,BLZ,2010,18.69962284
Belize,BLZ,2011,19.6942048
Belize,BLZ,2012,20.95634663
Belize,BLZ,2013,21.04575637
Belize,BLZ,2014,21.08657207
Belize,BLZ,2015,21.17639652
Belize,BLZ,2016,21.26808522
Belize,BLZ,2017,21.65038865
Belize,BLZ,2018,22.05209141
Belize,BLZ,2019,22.42094081
Benin,BEN,2010,39.1788092
Benin,BEN,2011,39.31147497
Benin,BEN,2012,41.36262362
Benin,BEN,2013,41.77270482
Benin,BEN,2014,43.41596784
Benin,BEN,2015,45.03636256
Benin,BEN,2016,46.24556121
Benin,BEN,2017,46.48119179
Benin,BEN,2018,46.8584555
Benin,BEN,2019,49.03490782
Bermuda,BMU,2010,6.487238908
Bermuda,BMU,2011,6.830379818
Bermuda,BMU,2012,6.862490575
Bermuda,BMU,2013,6.882271843
Bermuda,BMU,2014,7.007919722
Bermuda,BMU,2015,7.069562328
Bermuda,BMU,2016,7.093306446
Bermuda,BMU,2017,7.154130038
Bermuda,BMU,2018,7.195360215
Bermuda,BMU,2019,7.455581683
Bhutan,BTN,2010,38.04491799
Bhutan,BTN,2011,39.72804014
Bhutan,BTN,2012,40.16357364
Bhutan,BTN,2013,40.29859817
Bhutan,BTN,2014,40.41256497
Bhutan,BTN,2015,42.70851915
Bhutan,BTN,2016,43.64904826
Bhutan,BTN,2017,44.30762611
Bhutan,BTN,2018,44.4829243
Bhutan,BTN,2019,48.53903271
Bolivia,BOL,2010,26.09198709
Bolivia,BOL,2011,26.83286559
Bolivia,BOL,2012,27.01261068
Bolivia,BOL,2013,27.1847545
Bolivia,BOL,2014,27.56633411
Bolivia,BOL,2015,27.64739605
Bolivia,BOL,2016,27.74731988
Bolivia,BOL,2017,27.93127669
Bolivia,BOL,2018,28.74197769
Bolivia,BOL,2019,30.99186302
Bosnia and Herzegovina,BIH,2010,28.77587802
Bosnia and Herzegovina,BIH,2011,29.46633319
Bosnia and Herzegovina,BIH,2012,29.92213704
Bosnia and Herzegovina,BIH,2013,29.93448538
Bosnia and Herzegovina,BIH,2014,31.60560208
Bosnia and Herzegovina,BIH,2015,32.86433955
Bosnia and Herzegovina,BIH,2016,32.95117432
Bosnia and Herzegovina,BIH,2017,34.36075673
Bosnia and Herzegovina,BIH,2018,34.47534031
Bosnia and Herzegovina,BIH,2019,38.14529617
Botswana,BWA,2010,24.71873626
Botswana,BWA,2011,24.88065732
Botswana,BWA,2012,24.91056457
Botswana,BWA,2013,25.16656494
Botswana,BWA,2014,25.20036677
Botswana,BWA,2015,25.67039823
Botswana,BWA,2016,26.14248485
Botswana,BWA,2017,26.15619973
Botswana,BWA,2018,26.54697541
Botswana,BWA,2019,26.62372992
Brazil,BRA,2010,11.42284509
Brazil,BRA,2011,11.62699706
Brazil,BRA,2012,11.65399121
Brazil,BRA,2013,11.66527298
Brazil,BRA,2014,11.69149461
Brazil,BRA,2015,13.00059985
Brazil,BRA,2016,13.15581696
Brazil,BRA,2017,13.78803347
Brazil,BRA,2018,14.0825006
Brazil,BRA,2019,14.6948008
Brunei Darussalam,BRN,2010,6.393486339
Brunei Darussalam,BRN,2011,7.345177681
Brunei Darussalam,BRN,2012,7.348749548
Brunei Darussalam,BRN,2013,7.610637069
Brunei Darussalam,BRN,2014,7.616318907
Brunei Darussalam,BRN,2015,7.649925898
Brunei Darussalam,BRN,2016,7.680643971
Brunei Darussalam,BRN,2017,7.683014194
Brunei Darussalam,BRN,2018,7.745818643
Brunei Darussalam,BRN,2019,7.926244379
Bulgaria,BGR,2010,19.36594583
Bulgaria,BGR,2011,19.40617985
Bulgaria,BGR,2012,19.65003099
Bulgaria,BGR,2013,19.66415885
Bulgaria,BGR,2014,20.32357683
Bulgaria,BGR,2015,21.22186088
Bulgaria,BGR,2016,21.63806967
Bulgaria,BGR,2017,22.6468314
Bulgaria,BGR,2018,22.7674356
Bulgaria,BGR,2019,25.5775453
Burkina Faso,BFA,2010,47.34169055
Burkina Faso,BFA,2011,48.4137269
Burkina Faso,BFA,2012,51.23693236
Burkina Faso,BFA,2013,53.53072599
Burkina Faso,BFA,2014,53.64967602
Burkina Faso,BFA,2015,53.67033962
Burkina Faso,BFA,2016,54.03992338
Burkina Faso,BFA,2017,54.18097152
Burkina Faso,BFA,2018,56.2288836
Burkina Faso,BFA,2019,60.27252262
Burundi,BDI,2010,32.8625076
Burundi,BDI,2011,33.17087207
Burundi,BDI,2012,33.27977863
Burundi,BDI,2013,33.76642862
Burundi,BDI,2014,34.92429065
Burundi,BDI,2015,35.06835865
Burundi,BDI,2016,35.29849847
Burundi,BDI,2017,35.48687315
Burundi,BDI,2018,35.79366221
Burundi,BDI,2019,37.10546174
Cabo Verde,CPV,2010,34.11058979
Cabo Verde,CPV,2011,39.18447447
Cabo Verde,CPV,2012,42.89778424
Cabo Verde,CPV,2013,46.89453877
Cabo Verde,CPV,2014,47.92595122
Cabo Verde,CPV,2015,50.05668918
Cabo Verde,CPV,2016,51.11721004
Cabo Verde,CPV,2017,52.29133025
Cabo Verde,CPV,2018,52.61609912
Cabo Verde,CPV,2019,53.84034644
Cambodia,KHM,2010,22.01765339
Cambodia,KHM,2011,22.1120864
Cambodia,KHM,2012,22.29493219
Cambodia,KHM,2013,24.05520361
Cambodia,KHM,2014,24.24631214
Cambodia,KHM,2015,24.76841347
Cambodia,KHM,2016,24.82502572
Cambodia,KHM,2017,24.96952852
Cambodia,KHM,2018,28.06749912
Cambodia,KHM,2019,28.99049207
Cameroon,CMR,2010,56.35775552
Cameroon,CMR,2011,56.76664192
Cameroon,CMR,2012,58.86976922
Cameroon,CMR,2013,59.4274705
Cameroon,CMR,2014,61.32736378
Cameroon,CMR,2015,62.3153609
Cameroon,CMR,2016,63.83099556
Cameroon,CMR,2017,64.47088106
Cameroon,CMR,2018,65.0564255
Cameroon,CMR,2019,69.51058018
Canada,CAN,2010,6.205823409
Canada,CAN,2011,7.07877626
Canada,CAN,2012,7.100156005
Canada,CAN,2013,7.275026619
Canada,CAN,2014,7.279802012
Canada,CAN,2015,7.281874712
Canada,CAN,2016,7.340076929
Canada,CAN,2017,7.492005176
Canada,CAN,2018,7.600495484
Canada,CAN,2019,7.884019371
Caribbean small states,CSS,2010,17.40081202
Caribbean small states,CSS,2011,17.96840328
Caribbean small states,CSS,2012,18.24968023
Caribbean small states,CSS,2013,18.3254636
Caribbean small states,CSS,2014,18.46825635
Caribbean small states,CSS,2015,18.550881
Caribbean small states,CSS,2016,18.64520672
Caribbean small states,CSS,2017,18.70087777
Caribbean small states,CSS,2018,18.87905857
Caribbean small states,CSS,2019,19.63318969
Central African Republic,CAF,2010,42.4180555
Central African Republic,CAF,2011,43.8549236
Central African Republic,CAF,2012,44.3882319
Central African Republic,CAF,2013,44.7263164
Central African Republic,CAF,2014,45.52426043
Central African Republic,CAF,2015,46.10881594
Central African Republic,CAF,2016,46.3767539
Central African Republic,CAF,2017,46.92326876
Central African Republic,CAF,2018,47.17214767
Central African Republic,CAF,2019,48.22091955
Central Europe and the Baltics,CEB,2010,18.12853519
Central Europe and the Baltics,CEB,2011,18.63974083
Central Europe and the Baltics,CEB,2012,18.68923581
Central Europe and the Baltics,CEB,2013,18.75968781
Central Europe and the Baltics,CEB,2014,19.20580183
Central Europe and the Baltics,CEB,2015,19.90204052
Central Europe and the Baltics,CEB,2016,19.96289165
Central Europe and the Baltics,CEB,2017,20.76868385
Central Europe and the Baltics,CEB,2018,22.37987745
Central Europe and the Baltics,CEB,2019,22.87640718
Chad,TCD,2010,53.37526383
Chad,TCD,2011,55.79298325
Chad,TCD,2012,57.53023063
Chad,TCD,2013,58.78662177
Chad,TCD,2014,59.20016634
Chad,TCD,2015,59.2825236
Chad,TCD,2016,59.52255694
Chad,TCD,2017,59.85638516
Chad,TCD,2018,59.8616705
Chad,TCD,2019,63.96919397
Chile,CHL,2010,21.13580447
Chile,CHL,2011,21.42944248
Chile,CHL,2012,21.93712901
Chile,CHL,2013,22.30595213
Chile,CHL,2014,22.4347061
Chile,CHL,2015,22.72046987
Chile,CHL,2016,22.76585719
Chile,CHL,2017,22.96134961
Chile,CHL,2018,23.55853654
Chile,CHL,2019,23.76052341
China,CHN,2010,47.67263439
China,CHN,2011,49.27568382
China,CHN,2012,49.92778443
China,CHN,2013,51.58657201
China,CHN,2014,53.28667651
China,CHN,2015,56.20412426
China,CHN,2016,58.40555752
China,CHN,2017,58.90513577
China,CHN,2018,60.26956062
China,CHN,2019,63.28657095
Colombia,COL,2010,22.01072747
Colombia,COL,2011,22.0407325
Colombia,COL,2012,22.11926649
Colombia,COL,2013,22.72386043
Colombia,COL,2014,22.92043409
Colombia,COL,2015,23.4265212
Colombia,COL,2016,23.85881131
Colombia,COL,2017,24.2848162
Colombia,COL,2018,25.0816067
Colombia,COL,2019,25.94720366
Comoros,COM,2010,16.63714372
Comoros,COM,2011,17.0517918
Comoros,COM,2012,17.12974601
Comoros,COM,2013,17.15567571
Comoros,COM,2014,17.18012088
Comoros,COM,2015,17.31528735
Comoros,COM,2016,17.34428608
Comoros,COM,2017,17.73411712
Comoros,COM,2018,17.91529648
Comoros,COM,2019,17.9161831
"Congo, Dem. Rep.",COD,2010,35.59581848
"Congo, Dem. Rep.",COD,2011,35.86088793
"Congo, Dem. Rep.",COD,2012,35.88052514
"Congo, Dem. Rep.",COD,2013,36.47254408
"Congo, Dem. Rep.",COD,2014,36.66375068
"Congo, Dem. Rep.",COD,2015,36.98630498
"Congo, Dem. Rep.",COD,2016,37.9286139
"Congo, Dem. Rep.",COD,2017,38.18559351
"Congo, Dem. Rep.",COD,2018,39.0123562
"Congo, Dem. Rep.",COD,2019,40.27107846
"Congo, Rep.",COG,2010,38.03920932
"Congo, Rep.",COG,2011,38.07507474
"Congo, Rep.",COG,2012,38.36895785
"Congo, Rep.",COG,2013,38.52385349
"Congo, Rep.",COG,2014,39.05647597
"Congo, Rep.",COG,2015,39.30341272
"Congo, Rep.",COG,2016,39.50958584
"Congo, Rep.",COG,2017,40.36513118
"Congo, Rep.",COG,2018,41.03303244
"Congo, Rep.",COG,2019,41.60345611
Costa Rica,CRI,2010,17.42174135
Costa Rica,CRI,2011,17.43892166
Costa Rica,CRI,2012,17.52546596
Costa Rica,CRI,2013,17.90242599
Costa Rica,CRI,2014,18.10693704
Costa Rica,CRI,2015,18.28090193
Costa Rica,CRI,2016,18.5648497
Costa Rica,CRI,2017,18.87125053
Costa Rica,CRI,2018,19.18037888
Costa Rica,CRI,2019,19.56315996
Cote d'Ivoire,CIV,2010,48.05276242
Cote d'Ivoire,CIV,2011,48.79181091
Cote d'Ivoire,CIV,2012,50.91110203
Cote d'Ivoire,CIV,2013,55.04316481
Cote d'Ivoire,CIV,2014,55.59821808
Cote d'Ivoire,CIV,2015,55.62337378
Cote d'Ivoire,CIV,2016,56.51620975
Cote d'Ivoire,CIV,2017,56.69822576
Cote d'Ivoire,CIV,2018,61.24645868
Cote d'Ivoire,CIV,2019,63.41107876
Croatia,HRV,2010,17.72824296
Croatia,HRV,2011,18.34290048
Croatia,HRV,2012,18.46495986
Croatia,HRV,2013,18.62479372
Croatia,HRV,2014,19.54244679
Croatia,HRV,2015,19.94360466
Croatia,HRV,2016,20.04200652
Croatia,HRV,2017,20.57402212
Croatia,HRV,2018,21.21532951
Croatia,HRV,2019,23.24147685
Cuba,CUB,2010,17.72659724
Cuba,CUB,2011,18.07248309
Cuba,CUB,2012,18.21883434
Cuba,CUB,2013,18.38056914
Cuba,CUB,2014,18.92277826
Cuba,CUB,2015,19.05070976
Cuba,CUB,2016,19.19138531
Cuba,CUB,2017,19.35410515
Cuba,CUB,2018,19.5657393
Cuba,CUB,2019,20.0554292
Cyprus,CYP,2010,14.41331917
Cyprus,CYP,2011,15.1441739
Cyprus,CYP,2012,15.57380293
Cyprus,CYP,2013,15.58861663
Cyprus,CYP,2014,16.29507954
Cyprus,CYP,2015,16.41203304
Cyprus,CYP,2016,16.81350235
Cyprus,CYP,2017,17.13237684
Cyprus,CYP,2018,18.49284254
Cyprus,CYP,2019,18.80666676
Czechia,CZE,2010,16.71289546
Czechia,CZE,2011,16.73176229
Czechia,CZE,2012,16.75140093
Czechia,CZE,2013,16.96278201
Czechia,CZE,2014,17.63788699
Czechia,CZE,2015,18.16896079
Czechia,CZE,2016,18.71154684
Czechia,CZE,2017,19.04740747
Czechia,CZE,2018,20.48778139
Czechia,CZE,2019,20.7873617
Denmark,DNK,2010,9.286433949
Denmark,DNK,2011,9.785959755
Denmark,DNK,2012,9.868317849
Denmark,DNK,2013,10.16512436
Denmark,DNK,2014,10.28076623
Denmark,DNK,2015,10.4485287
Denmark,DNK,2016,10.82992224
Denmark,DNK,2017,11.03144858
Denmark,DNK,2018,13.29038466
Denmark,DNK,2019,13.56725749
Djibouti,DJI,2010,42.00889257
Djibouti,DJI,2011,42.85562418
Djibouti,DJI,2012,43.16577438
Djibouti,DJI,2013,43.39312927
Djibouti,DJI,2014,43.47619484
Djibouti,DJI,2015,43.66118465
Djibouti,DJI,2016,44.89784611
Djibouti,DJI,2017,45.33865903
Djibouti,DJI,2018,46.26029567
Djibouti,DJI,2019,47.01194744
Dominica,DMA,2010,16.88759795
Dominica,DMA,2011,17.49910192
Dominica,DMA,2012,17.6150034
Dominica,DMA,2013,17.78294307
Dominica,DMA,2014,17.79640821
Dominica,DMA,2015,18.1758119
Dominica,DMA,2016,18.53218593
Dominica,DMA,2017,18.56540278
Dominica,DMA,2018,18.60844325
Dominica,DMA,2019,19.2530028
Dominican Republic,DOM,2010,16.21392774
Dominican Republic,DOM,2011,16.76999522
Dominican Republic,DOM,2012,16.85065699
Dominican Republic,DOM,2013,16.98500632
Dominican Republic,DOM,2014,17.44234007
Dominican Republic,DOM,2015,17.72938154
Dominican Republic,DOM,2016,17.73840139
Dominican Republic,DOM,2017,17.74186912
Dominican Republic,DOM,2018,17.77201952
Dominican Republic,DOM,2019,18.22650845
Early-demographic dividend,EAR,2010,54.37543908
Early-demographic dividend,EAR,2011,55.57942562
Early-demographic dividend,EAR,2012,55.66736284
Early-demographic dividend,EAR,2013,56.30372849
Early-demographic dividend,EAR,2014,56.30903267
Early-demographic dividend,EAR,2015,59.21028115
Early-demographic dividend,EAR,2016,60.04145924
Early-demographic dividend,EAR,2017,60.57372142
Early-demographic dividend,EAR,2018,61.29005333
Early-demographic dividend,EAR,2019,62.93601965
East Asia & Pacific,EAS,2010,36.83794202
East Asia & Pacific,EAS,2011,37.81067302
East Asia & Pacific,EAS,2012,38.09447734
East Asia & Pacific,EAS,2013,39.80224615
East Asia & Pacific,EAS,2014,41.48932075
East Asia & Pacific,EAS,2015,42.37772103
East Asia & Pacific,EAS,2016,43.77796993
East Asia & Pacific,EAS,2017,44.40460788
East Asia & Pacific,EAS,2018,44.89793609
East Asia & Pacific,EAS,2019,47.34698641
East Asia & Pacific (excluding high income),EAP,2010,39.11845614
East Asia & Pacific (excluding high income),EAP,2011,40.20613861
East Asia & Pacific (excluding high income),EAP,2012,40.54393568
East Asia & Pacific (excluding high income),EAP,2013,42.45025548
East Asia & Pacific (excluding high income),EAP,2014,44.67276234
East Asia & Pacific (excluding high income),EAP,2015,45.31452685
East Asia & Pacific (excluding high income),EAP,2016,47.04138403
East Asia & Pacific (excluding high income),EAP,2017,47.67854402
East Asia & Pacific (excluding high income),EAP,2018,48.08547531
East Asia & Pacific (excluding high income),EAP,2019,50.86701837
East Asia & Pacific (IDA & IBRD countries),TEA,2010,39.05375603
East Asia & Pacific (IDA & IBRD countries),TEA,2011,40.15511466
East Asia & Pacific (IDA & IBRD countries),TEA,2012,40.5164234
East Asia & Pacific (IDA & IBRD countries),TEA,2013,42.44654046
East Asia & Pacific (IDA & IBRD countries),TEA,2014,44.74820876
East Asia & Pacific (IDA & IBRD countries),TEA,2015,45.29133228
East Asia & Pacific (IDA & IBRD countries),TEA,2016,47.07273506
East Asia & Pacific (IDA & IBRD countries),TEA,2017,47.70685445
East Asia & Pacific (IDA & IBRD countries),TEA,2018,48.07188849
East Asia & Pacific (IDA & IBRD countries),TEA,2019,50.87988282
Ecuador,ECU,2010,19.21356831
Ecuador,ECU,2011,19.5062242
Ecuador,ECU,2012,19.97447395
Ecuador,ECU,2013,19.99272951
Ecuador,ECU,2014,20.05559153
Ecuador,ECU,2015,20.71374205
Ecuador,ECU,2016,20.83237429
Ecuador,ECU,2017,20.88473743
Ecuador,ECU,2018,20.91779236
Ecuador,ECU,2019,21.29437515
"Egypt, Arab Rep.",EGY,2010,66.74703838
"Egypt, Arab Rep.",EGY,2011,66.95918516
"Egypt, Arab Rep.",EGY,2012,67.88817813
"Egypt, Arab Rep.",EGY,2013,68.47289608
"Egypt, Arab Rep.",EGY,2014,69.70422324
"Egypt, Arab Rep.",EGY,2015,69.78315269
"Egypt, Arab Rep.",EGY,2016,72.02485383
"Egypt, Arab Rep.",EGY,2017,73.13098828
"Egypt, Arab Rep.",EGY,2018,74.75519581
"Egypt, Arab Rep.",EGY,2019,78.51079086
El Salvador,SLV,2010,22.32472418
El Salvador,SLV,2011,22.74562226
El Salvador,SLV,2012,23.11248633
El Salvador,SLV,2013,23.50688297
El Salvador,SLV,2014,24.2580053
El Salvador,SLV,2015,24.42849717
El Salvador,SLV,2016,25.40130599
El Salvador,SLV,2017,25.55917474
El Salvador,SLV,2018,26.89077892
El Salvador,SLV,2019,28.62940035
Equatorial Guinea,GNQ,2010,39.10904578
Equatorial Guinea,GNQ,2011,39.40271655
Equatorial Guinea,GNQ,2012,39.74657182
Equatorial Guinea,GNQ,2013,40.0552493
Equatorial Guinea,GNQ,2014,41.37893343
Equatorial Guinea,GNQ,2015,42.80037217
Equatorial Guinea,GNQ,2016,44.88882315
Equatorial Guinea,GNQ,2017,45.28465901
Equatorial Guinea,GNQ,2018,46.74295432
Equatorial Guinea,GNQ,2019,47.84805559
Eritrea,ERI,2010,39.15059178
Eritrea,ERI,2011,41.32723515
Eritrea,ERI,2012,43.06823697
Eritrea,ERI,2013,43.29440019
Eritrea,ERI,2014,43.39379676
Eritrea,ERI,2015,43.4782267
Eritrea,ERI,2016,43.85000214
Eritrea,ERI,2017,44.07053957
Eritrea,ERI,2018,44.54206936
Eritrea,ERI,2019,44.70930865
Estonia,EST,2010,5.683914429
Estonia,EST,2011,5.893562381
Estonia,EST,2012,5.985799478
Estonia,EST,2013,6.517719719
Estonia,EST,2014,6.563380324
Estonia,EST,2015,7.484387015
Estonia,EST,2016,7.541812181
Estonia,EST,2017,7.749831914
Estonia,EST,2018,8.097020858
Estonia,EST,2019,8.648386553
Eswatini,SWZ,2010,22.08084937
Eswatini,SWZ,2011,23.07978384
Eswatini,SWZ,2012,23.10280385
Eswatini,SWZ,2013,23.18486991
Eswatini,SWZ,2014,23.34521196
Eswatini,SWZ,2015,23.37482286
Eswatini,SWZ,2016,23.41488293
Eswatini,SWZ,2017,23.42327297
Eswatini,SWZ,2018,23.45888757
Eswatini,SWZ,2019,23.88204643
Ethiopia,ETH,2010,32.99059157
Ethiopia,ETH,2011,33.61502933
Ethiopia,ETH,2012,33.7807199
Ethiopia,ETH,2013,33.85373372
Ethiopia,ETH,2014,33.94832602
Ethiopia,ETH,2015,34.02327199
Ethiopia,ETH,2016,34.42531071
Ethiopia,ETH,2017,34.91967839
Ethiopia,ETH,2018,35.36549106
Ethiopia,ETH,2019,35.57819849
Euro area,EMU,2010,12.07514937
Euro area,EMU,2011,12.16549279
Euro area,EMU,2012,12.22325648
Euro area,EMU,2013,12.29363356
Euro area,EMU,2014,12.72709807
Euro area,EMU,2015,13.25841354
Euro area,EMU,2016,13.84160241
Euro area,EMU,2017,14.28177351
Euro area,EMU,2018,15.7553273
Euro area,EMU,2019,15.95632101
Europe & Central Asia,ECS,2010,15.78906426
Europe & Central Asia,ECS,2011,15.83647622
Europe & Central Asia,ECS,2012,15.89720465
Europe & Central Asia,ECS,2013,15.93386254
Europe & Central Asia,ECS,2014,16.88799205
Europe & Central Asia,ECS,2015,17.06051438
Europe & Central Asia,ECS,2016,17.66464321
Europe & Central Asia,ECS,2017,17.8360889
Europe & Central Asia,ECS,2018,18.64303564
Europe & Central Asia,ECS,2019,19.04957147
Europe & Central Asia (excluding high income),ECA,2010,19.74617911
Europe & Central Asia (excluding high income),ECA,2011,19.7554618
Europe & Central Asia (excluding high income),ECA,2012,19.85271764
Europe & Central Asia (excluding high income),ECA,2013,20.27914387
Europe & Central Asia (excluding high income),ECA,2014,21.16211258
Europe & Central Asia (excluding high income),ECA,2015,21.79136066
Europe & Central Asia (excluding high income),ECA,2016,21.89071753
Europe & Central Asia (excluding high income),ECA,2017,21.92717964
Europe & Central Asia (excluding high income),ECA,2018,22.12491778
Europe & Central Asia (excluding high income),ECA,2019,22.44411763
Europe & Central Asia (IDA & IBRD countries),TEC,2010,19.81038651
Europe & Central Asia (IDA & IBRD countries),TEC,2011,19.81278469
Europe & Central Asia (IDA & IBRD countries),TEC,2012,19.9051641
Europe & Central Asia (IDA & IBRD countries),TEC,2013,20.16394363
Europe & Central Asia (IDA & IBRD countries),TEC,2014,21.06367068
Europe & Central Asia (IDA & IBRD countries),TEC,2015,21.718301
Europe & Central Asia (IDA & IBRD countries),TEC,2016,21.95902134
Europe & Central Asia (IDA & IBRD countries),TEC,2017,21.98652148
Europe & Central Asia (IDA & IBRD countries),TEC,2018,22.1946605
Europe & Central Asia (IDA & IBRD countries),TEC,2019,22.71656576
European Union,EUU,2010,13.22093119
European Union,EUU,2011,13.3991506
European Union,EUU,2012,13.47964669
European Union,EUU,2013,13.52768147
European Union,EUU,2014,14.1454972
European Union,EUU,2015,14.37124666
European Union,EUU,2016,14.9767619
European Union,EUU,2017,15.52069596
European Union,EUU,2018,17.04545747
European Union,EUU,2019,17.32089286
Fiji,FJI,2010,10.62224564
Fiji,FJI,2011,10.73278375
Fiji,FJI,2012,10.93396761
Fiji,FJI,2013,10.98057046
Fiji,FJI,2014,10.98446945
Fiji,FJI,2015,10.9932094
Fiji,FJI,2016,10.99967408
Fiji,FJI,2017,11.06543703
Fiji,FJI,2018,11.08714633
Fiji,FJI,2019,11.14022253
Finland,FIN,2010,5.257788389
Finland,FIN,2011,5.565330197
Finland,FIN,2012,5.589432223
Finland,FIN,2013,5.596788665
Finland,FIN,2014,5.62877844
Finland,FIN,2015,5.983816655
Finland,FIN,2016,6.363062222
Finland,FIN,2017,6.373112438
Finland,FIN,2018,7.018955644
Finland,FIN,2019,7.205869088
Fragile and conflict affected situations,FCS,2010,42.21066991
Fragile and conflict affected situations,FCS,2011,43.54857013
Fragile and conflict affected situations,FCS,2012,44.12660581
Fragile and conflict affected situations,FCS,2013,44.55827549
Fragile and conflict affected situations,FCS,2014,44.96815011
Fragile and conflict affected situations,FCS,2015,45.30849974
Fragile and conflict affected situations,FCS,2016,45.40569313
Fragile and conflict affected situations,FCS,2017,45.77061946
Fragile and conflict affected situations,FCS,2018,45.88545886
Fragile and conflict affected situations,FCS,2019,48.41062705
France,FRA,2010,11.40575038
France,FRA,2011,11.43000879
France,FRA,2012,11.4918237
France,FRA,2013,11.53704439
France,FRA,2014,11.58971968
France,FRA,2015,12.30792454
France,FRA,2016,13.61154039
France,FRA,2017,13.68529611
France,FRA,2018,14.99131566
France,FRA,2019,15.07698542
Gabon,GAB,2010,34.1318172
Gabon,GAB,2011,34.93156522
Gabon,GAB,2012,35.36985071
Gabon,GAB,2013,35.45526085
Gabon,GAB,2014,36.03479593
Gabon,GAB,2015,36.74675483
Gabon,GAB,2016,36.93641776
Gabon,GAB,2017,37.16684022
Gabon,GAB,2018,39.0009896
Gabon,GAB,2019,39.73197591
"Gambia, The",GMB,2010,51.51717091
"Gambia, The",GMB,2011,53.61781493
"Gambia, The",GMB,2012,54.96105771
"Gambia, The",GMB,2013,56.9350963
"Gambia, The",GMB,2014,57.52369277
"Gambia, The",GMB,2015,58.00293314
"Gambia, The",GMB,2016,58.08072376
"Gambia, The",GMB,2017,61.41990384
"Gambia, The",GMB,2018,61.80443087
"Gambia, The",GMB,2019,62.12654192
Georgia,GEO,2010,17.68579608
Georgia,GEO,2011,17.80213302
Georgia,GEO,2012,17.81426399
Georgia,GEO,2013,17.85586499
Georgia,GEO,2014,18.02704398
Georgia,GEO,2015,18.48419633
Georgia,GEO,2016,19.38130856
Georgia,GEO,2017,19.58915924
Georgia,GEO,2018,19.82880145
Georgia,GEO,2019,20.13867477
Germany,DEU,2010,11.77992518
Germany,DEU,2011,11.80580716
Germany,DEU,2012,11.88161987
Germany,DEU,2013,11.92460308
Germany,DEU,2014,12.24528447
Germany,DEU,2015,12.72693664
Germany,DEU,2016,13.57835046
Germany,DEU,2017,13.8086903
Germany,DEU,2018,15.57511307
Germany,DEU,2019,16.08934354
Ghana,GHA,2010,46.9526973
Ghana,GHA,2011,47.78909296
Ghana,GHA,2012,50.08807979
Ghana,GHA,2013,53.47816985
Ghana,GHA,2014,53.98926008
Ghana,GHA,2015,54.23685549
Ghana,GHA,2016,54.52706673
Ghana,GHA,2017,55.93672757
Ghana,GHA,2018,59.661617
Ghana,GHA,2019,60.48227972
Greece,GRC,2010,14.2538714
Greece,GRC,2011,14.43912017
Greece,GRC,2012,14.46980163
Greece,GRC,2013,14.51537033
Greece,GRC,2014,15.72743666
Greece,GRC,2015,16.04385798
Greece,GRC,2016,16.69353
Greece,GRC,2017,17.37070897
Greece,GRC,2018,19.06202926
Greece,GRC,2019,19.73341964
Greenland,GRL,2010,5.785407287
Greenland,GRL,2011,6.028100954
Greenland,GRL,2012,6.082991842
Greenland,GRL,2013,6.13427501
Greenland,GRL,2014,6.226964273
Greenland,GRL,2015,6.378015917
Greenland,GRL,2016,6.462977097
Greenland,GRL,2017,6.472452957
Greenland,GRL,2018,6.515998783
Greenland,GRL,2019,6.616395462
Grenada,GRD,2010,19.10315605
Grenada,GRD,2011,19.82709385
Grenada,GRD,2012,20.0647388
Grenada,GRD,2013,20.08742225
Grenada,GRD,2014,20.26503477
Grenada,GRD,2015,21.00966255
Grenada,GRD,2016,21.17807748
Grenada,GRD,2017,21.38302419
Grenada,GRD,2018,21.48591655
Grenada,GRD,2019,21.94013568
Guam,GUM,2010,6.859106867
Guam,GUM,2011,6.884723871
Guam,GUM,2012,7.184061682
Guam,GUM,2013,7.432922337
Guam,GUM,2014,7.745768475
Guam,GUM,2015,7.840641715
Guam,GUM,2016,8.221834725
Guam,GUM,2017,8.252069387
Guam,GUM,2018,8.340218624
Guam,GUM,2019,10.04977671
Guatemala,GTM,2010,27.64788197
Guatemala,GTM,2011,27.81052009
Guatemala,GTM,2012,28.02331277
Guatemala,GTM,2013,28.87738634
Guatemala,GTM,2014,29.17182245
Guatemala,GTM,2015,29.42704565
Guatemala,GTM,2016,30.32467663
Guatemala,GTM,2017,30.94349566
Guatemala,GTM,2018,32.24187476
Guatemala,GTM,2019,32.544288
Guinea,GIN,2010,45.97257249
Guinea,GIN,2011,48.19905641
Guinea,GIN,2012,51.07018507
Guinea,GIN,2013,51.94689259
Guinea,GIN,2014,52.44233437
Guinea,GIN,2015,52.51253174
Guinea,GIN,2016,52.85547204
Guinea,GIN,2017,53.48751596
Guinea,GIN,2018,53.58936352
Guinea,GIN,2019,56.21359737
Guinea-Bissau,GNB,2010,47.569479
Guinea-Bissau,GNB,2011,49.37871651
Guinea-Bissau,GNB,2012,52.80501579
Guinea-Bissau,GNB,2013,53.95598891
Guinea-Bissau,GNB,2014,54.03820301
Guinea-Bissau,GNB,2015,54.06829369
Guinea-Bissau,GNB,2016,54.0903092
Guinea-Bissau,GNB,2017,56.80371059
Guinea-Bissau,GNB,2018,57.49587976
Guinea-Bissau,GNB,2019,57.5086131
Guyana,GUY,2010,20.10090382
Guyana,GUY,2011,20.8255222
Guyana,GUY,2012,20.95555676
Guyana,GUY,2013,21.30120727
Guyana,GUY,2014,21.43446346
Guyana,GUY,2015,21.66481921
Guyana,GUY,2016,21.69833304
Guyana,GUY,2017,22.32520255
Guyana,GUY,2018,22.33097583
Guyana,GUY,2019,22.92175634
Haiti,HTI,2010,17.73545429
Haiti,HTI,2011,18.05516481
Haiti,HTI,2012,18.54325277
Haiti,HTI,2013,18.71624801
Haiti,HTI,2014,19.03230796
Haiti,HTI,2015,19.12974699
Haiti,HTI,2016,19.14097132
Haiti,HTI,2017,19.14929749
Haiti,HTI,2018,19.17668414
Haiti,HTI,2019,19.88014557
Heavily indebted poor countries (HIPC),HPC,2010,39.44762524
Heavily indebted poor countries (HIPC),HPC,2011,40.16917964
Heavily indebted poor countries (HIPC),HPC,2012,40.24554519
Heavily indebted poor countries (HIPC),HPC,2013,40.67346966
Heavily indebted poor countries (HIPC),HPC,2014,40.91204764
Heavily indebted poor countries (HIPC),HPC,2015,40.91945012
Heavily indebted poor countries (HIPC),HPC,2016,41.64625954
Heavily indebted poor countries (HIPC),HPC,2017,42.48193976
Heavily indebted poor countries (HIPC),HPC,2018,42.54228033
Heavily indebted poor countries (HIPC),HPC,2019,44.30616001
High income,HIC,2010,14.04299671
High income,HIC,2011,14.34681015
High income,HIC,2012,14.40883395
High income,HIC,2013,14.42299022
High income,HIC,2014,14.65978937
High income,HIC,2015,15.01090215
High income,HIC,2016,15.307057
High income,HIC,2017,15.48707668
High income,HIC,2018,15.59201061
High income,HIC,2019,16.14582986
Honduras,HND,2010,22.74896563
Honduras,HND,2011,22.87512366
Honduras,HND,2012,23.36239296
Honduras,HND,2013,24.06241788
Honduras,HND,2014,24.75521888
Honduras,HND,2015,25.51904301
Honduras,HND,2016,25.60894093
Honduras,HND,2017,26.72226603
Honduras,HND,2018,28.04343945
Honduras,HND,2019,28.6901789
Hungary,HUN,2010,15.73414047
Hungary,HUN,2011,16.49434933
Hungary,HUN,2012,16.57651016
Hungary,HUN,2013,16.63089611
Hungary,HUN,2014,17.48896034
Hungary,HUN,2015,17.52501676
Hungary,HUN,2016,17.54829004
Hungary,HUN,2017,18.42206445
Hungary,HUN,2018,20.010989
Hungary,HUN,2019,20.74074009
IBRD only,IBD,2010,47.83638982
IBRD only,IBD,2011,47.99171532
IBRD only,IBD,2012,48.26278953
IBRD only,IBD,2013,48.80182855
IBRD only,IBD,2014,50.78096839
IBRD only,IBD,2015,51.78059771
IBRD only,IBD,2016,52.26352185
IBRD only,IBD,2017,52.63936378
IBRD only,IBD,2018,54.97899284
IBRD only,IBD,2019,55.3071254
Iceland,ISL,2010,5.436588878
Iceland,ISL,2011,5.690458273
Iceland,ISL,2012,5.698616135
Iceland,ISL,2013,5.709265082
Iceland,ISL,2014,5.833587216
Iceland,ISL,2015,5.939603293
Iceland,ISL,2016,6.091801055
Iceland,ISL,2017,6.191914657
Iceland,ISL,2018,6.595638323
Iceland,ISL,2019,6.809186658
IDA & IBRD total,IBT,2010,47.86420215
IDA & IBRD total,IBT,2011,47.96757064
IDA & IBRD total,IBT,2012,48.20969263
IDA & IBRD total,IBT,2013,48.22839579
IDA & IBRD total,IBT,2014,50.06935027
IDA & IBRD total,IBT,2015,51.46511731
IDA & IBRD total,IBT,2016,52.1092291
IDA & IBRD total,IBT,2017,52.21641447
IDA & IBRD total,IBT,2018,53.36885885
IDA & IBRD total,IBT,2019,53.72540241
IDA blend,IDB,2010,54.10758133
IDA blend,IDB,2011,55.67366482
IDA blend,IDB,2012,56.41896157
IDA blend,IDB,2013,57.24826461
IDA blend,IDB,2014,57.65851386
IDA blend,IDB,2015,57.74375611
IDA blend,IDB,2016,57.79415016
IDA blend,IDB,2017,58.754618
IDA blend,IDB,2018,60.57283696
IDA blend,IDB,2019,62.4647387
IDA only,IDX,2010,42.55650754
IDA only,IDX,2011,43.04808843
IDA only,IDX,2012,43.22530359
IDA only,IDX,2013,43.27467514
IDA only,IDX,2014,43.92301349
IDA only,IDX,2015,44.49735432
IDA only,IDX,2016,44.57341585
IDA only,IDX,2017,45.51152515
IDA only,IDX,2018,46.31267445
IDA only,IDX,2019,46.84952405
IDA total,IDA,2010,46.42993152
IDA total,IDA,2011,47.86705917
IDA total,IDA,2012,47.89776161
IDA total,IDA,2013,47.94239862
IDA total,IDA,2014,48.058236
IDA total,IDA,2015,48.49655569
IDA total,IDA,2016,48.98860681
IDA total,IDA,2017,50.48792746
IDA total,IDA,2018,50.54148395
IDA total,IDA,2019,52.07686587
India,IND,2010,76.67834222
India,IND,2011,79.99719051
India,IND,2012,81.81164804
India,IND,2013,83.04086375
India,IND,2014,83.19931634
India,IND,2015,86.38168408
India,IND,2016,88.44512429
India,IND,2017,89.45226202
India,IND,2018,92.23194665
India,IND,2019,95.24264397
Indonesia,IDN,2010,18.55575927
Indonesia,IDN,2011,18.89054816
Indonesia,IDN,2012,18.94685133
Indonesia,IDN,2013,19.11325719
Indonesia,IDN,2014,19.37146134
Indonesia,IDN,2015,19.92482789
Indonesia,IDN,2016,20.01905868
Indonesia,IDN,2017,20.06768554
Indonesia,IDN,2018,21.15210797
Indonesia,IDN,2019,22.31721025
"Iran, Islamic Rep.",IRN,2010,38.01508315
"Iran, Islamic Rep.",IRN,2011,38.60762301
"Iran, Islamic Rep.",IRN,2012,38.9645715
"Iran, Islamic Rep.",IRN,2013,39.84131218
"Iran, Islamic Rep.",IRN,2014,39.85297971
"Iran, Islamic Rep.",IRN,2015,40.89116772
"Iran, Islamic Rep.",IRN,2016,41.23888443
"Iran, Islamic Rep.",IRN,2017,41.37853622
"Iran, Islamic Rep.",IRN,2018,41.48378839
"Iran, Islamic Rep.",IRN,2019,42.55901964
Iraq,IRQ,2010,47.58535292
Iraq,IRQ,2011,48.46825216
Iraq,IRQ,2012,49.14829956
Iraq,IRQ,2013,50.02941919
Iraq,IRQ,2014,50.08978666
Iraq,IRQ,2015,51.54630059
Iraq,IRQ,2016,53.09642572
Iraq,IRQ,2017,53.54775973
Iraq,IRQ,2018,53.98373198
Iraq,IRQ,2019,57.24593137
Ireland,IRL,2010,7.664546609
Ireland,IRL,2011,7.838263466
Ireland,IRL,2012,7.854094218
Ireland,IRL,2013,7.916850375
Ireland,IRL,2014,8.381681865
Ireland,IRL,2015,8.522230711
Ireland,IRL,2016,8.786223954
Ireland,IRL,2017,9.157206628
Ireland,IRL,2018,9.902931522
Ireland,IRL,2019,10.06939194
Israel,ISR,2010,18.85915608
Israel,ISR,2011,19.75989688
Israel,ISR,2012,20.05327737
Israel,ISR,2013,20.20136227
Israel,ISR,2014,21.76878839
Israel,ISR,2015,22.35572158
Israel,ISR,2016,22.51370748
Israel,ISR,2017,23.00431254
Israel,ISR,2018,24.70951301
Israel,ISR,2019,24.98858454
Italy,ITA,2010,15.75652778
Italy,ITA,2011,16.08828133
Italy,ITA,2012,16.09761447
Italy,ITA,2013,16.26524128
Italy,ITA,2014,17.10725238
Italy,ITA,2015,18.04119054
Italy,ITA,2016,18.13743581
Italy,ITA,2017,18.84991698
Italy,ITA,2018,20.29490103
Italy,ITA,2019,21.4270346
Jamaica,JAM,2010,14.11539401
Jamaica,JAM,2011,14.82105006
Jamaica,JAM,2012,14.88750421
Jamaica,JAM,2013,14.95906723
Jamaica,JAM,2014,15.28940246
Jamaica,JAM,2015,15.3714762
Jamaica,JAM,2016,15.38590695
Jamaica,JAM,2017,15.41666418
Jamaica,JAM,2018,15.50872429
Jamaica,JAM,2019,15.75409904
Japan,JPN,2010,11.52530862
Japan,JPN,2011,12.67886893
Japan,JPN,2012,13.106628
Japan,JPN,2013,13.35633595
Japan,JPN,2014,13.36533634
Japan,JPN,2015,13.40887797
Japan,JPN,2016,13.46980666
Japan,JPN,2017,13.47597168
Japan,JPN,2018,13.570691
Japan,JPN,2019,13.71386106
Jordan,JOR,2010,30.64558855
Jordan,JOR,2011,31.45267441
Jordan,JOR,2012,32.03573347
Jordan,JOR,2013,32.5078793
Jordan,JOR,2014,33.23273929
Jordan,JOR,2015,33.72917392
Jordan,JOR,2016,33.92842262
Jordan,JOR,2017,35.43994788
Jordan,JOR,2018,35.54875145
Jordan,JOR,2019,35.89120302
Kazakhstan,KAZ,2010,18.97825386
Kazakhstan,KAZ,2011,20.10344809
Kazakhstan,KAZ,2012,20.25210336
Kazakhstan,KAZ,2013,20.29485447
Kazakhstan,KAZ,2014,20.51355436
Kazakhstan,KAZ,2015,20.86881423
Kazakhstan,KAZ,2016,21.45655621
Kazakhstan,KAZ,2017,22.31865641
Kazakhstan,KAZ,2018,22.85330812
Kazakhstan,KAZ,2019,24.00908326
Kenya,KEN,2010,21.61458718
Kenya,KEN,2011,23.28569035
Kenya,KEN,2012,25.06403775
Kenya,KEN,2013,26.8091823
Kenya,KEN,2014,26.88967903
Kenya,KEN,2015,27.25581094
Kenya,KEN,2016,28.08814029
Kenya,KEN,2017,28.08947284
Kenya,KEN,2018,28.78168174
Kenya,KEN,2019,29.07804791
Kiribati,KIR,2010,9.097105532
Kiribati,KIR,2011,9.287738199
Kiribati,KIR,2012,9.468882294
Kiribati,KIR,2013,9.484560864
Kiribati,KIR,2014,9.564153332
Kiribati,KIR,2015,9.691195176
Kiribati,KIR,2016,9.70650164
Kiribati,KIR,2017,9.738884647
Kiribati,KIR,2018,9.763735686
Kiribati,KIR,2019,9.806587652
"Korea, Dem. People's Rep.",PRK,2010,38.71368093
"Korea, Dem. People's Rep.",PRK,2011,42.7322875
"Korea, Dem. People's Rep.",PRK,2012,42.74423807
"Korea, Dem. People's Rep.",PRK,2013,44.30760137
"Korea, Dem. People's Rep.",PRK,2014,44.32957478
"Korea, Dem. People's Rep.",PRK,2015,44.5453414
"Korea, Dem. People's Rep.",PRK,2016,45.41253543
"Korea, Dem. People's Rep.",PRK,2017,47.15602971
"Korea, Dem. People's Rep.",PRK,2018,49.15322338
"Korea, Dem. People's Rep.",PRK,2019,49.82200792
"Korea, Rep.",KOR,2010,22.85407832
"Korea, Rep.",KOR,2011,25.45681317
"Korea, Rep.",KOR,2012,25.79816942
"Korea, Rep.",KOR,2013,26.88210754
"Korea, Rep.",KOR,2014,26.97657307
"Korea, Rep.",KOR,2015,27.43635201
"Korea, Rep.",KOR,2016,27.44033926
"Korea, Rep.",KOR,2017,27.53881372
"Korea, Rep.",KOR,2018,27.80560684
"Korea, Rep.",KOR,2019,28.1810993
Kuwait,KWT,2010,57.02947492
Kuwait,KWT,2011,60.96648013
Kuwait,KWT,2012,61.00890885
Kuwait,KWT,2013,61.4947645
Kuwait,KWT,2014,63.39850808
Kuwait,KWT,2015,66.14461017
Kuwait,KWT,2016,66.2493716
Kuwait,KWT,2017,66.7946724
Kuwait,KWT,2018,67.97715751
Kuwait,KWT,2019,69.2648667
Kyrgyz Republic,KGZ,2010,23.28809126
Kyrgyz Republic,KGZ,2011,24.07288994
Kyrgyz Republic,KGZ,2012,24.09670211
Kyrgyz Republic,KGZ,2013,24.22386133
Kyrgyz Republic,KGZ,2014,24.71003894
Kyrgyz Republic,KGZ,2015,25.33994116
Kyrgyz Republic,KGZ,2016,26.29792566
Kyrgyz Republic,KGZ,2017,27.65705871
Kyrgyz Republic,KGZ,2018,27.72189651
Kyrgyz Republic,KGZ,2019,28.77509614
Lao PDR,LAO,2010,19.26088509
Lao PDR,LAO,2011,20.50574635
Lao PDR,LAO,2012,20.54733513
Lao PDR,LAO,2013,20.78189635
Lao PDR,LAO,2014,21.54907826
Lao PDR,LAO,2015,21.75888724
Lao PDR,LAO,2016,22.99309691
Lao PDR,LAO,2017,23.40354416
Lao PDR,LAO,2018,24.66969698
Lao PDR,LAO,2019,26.37801788
Late-demographic dividend,LTE,2010,36.71557177
Late-demographic dividend,LTE,2011,37.70250121
Late-demographic dividend,LTE,2012,38.05984618
Late-demographic dividend,LTE,2013,39.27058357
Late-demographic dividend,LTE,2014,41.32527192
Late-demographic dividend,LTE,2015,42.20596215
Late-demographic dividend,LTE,2016,44.21563634
Late-demographic dividend,LTE,2017,44.3857522
Late-demographic dividend,LTE,2018,44.93556987
Late-demographic dividend,LTE,2019,47.16416047
Latin America & Caribbean,LCN,2010,17.70547684
Latin America & Caribbean,LCN,2011,17.7161525
Latin America & Caribbean,LCN,2012,17.79538255
Latin America & Caribbean,LCN,2013,18.10053226
Latin America & Caribbean,LCN,2014,18.59784009
Latin America & Caribbean,LCN,2015,18.81767854
Latin America & Caribbean,LCN,2016,19.13362311
Latin America & Caribbean,LCN,2017,19.18686474
Latin America & Caribbean,LCN,2018,19.35790615
Latin America & Caribbean,LCN,2019,20.23545776
Latin America & Caribbean (excluding high income),LAC,2010,17.47894326
Latin America & Caribbean (excluding high income),LAC,2011,17.49674804
Latin America & Caribbean (excluding high income),LAC,2012,17.56208371
Latin America & Caribbean (excluding high income),LAC,2013,17.84773084
Latin America & Caribbean (excluding high income),LAC,2014,18.37312307
Latin America & Caribbean (excluding high income),LAC,2015,18.6913572
Latin America & Caribbean (excluding high income),LAC,2016,19.03343214
Latin America & Caribbean (excluding high income),LAC,2017,19.11433377
Latin America & Caribbean (excluding high income),LAC,2018,19.24029198
Latin America & Caribbean (excluding high income),LAC,2019,20.15060174
Latin America & the Caribbean (IDA & IBRD countries),TLA,2010,17.75366919
Latin America & the Caribbean (IDA & IBRD countries),TLA,2011,17.77231191
Latin America & the Caribbean (IDA & IBRD countries),TLA,2012,17.84505686
Latin America & the Caribbean (IDA & IBRD countries),TLA,2013,18.14208551
Latin America & the Caribbean (IDA & IBRD countries),TLA,2014,18.64045992
Latin America & the Caribbean (IDA & IBRD countries),TLA,2015,18.88145113
Latin America & the Caribbean (IDA & IBRD countries),TLA,2016,19.24206088
Latin America & the Caribbean (IDA & IBRD countries),TLA,2017,19.27319278
Latin America & the Caribbean (IDA & IBRD countries),TLA,2018,19.44623779
Latin America & the Caribbean (IDA & IBRD countries),TLA,2019,20.3601216
Latvia,LVA,2010,11.78077521
Latvia,LVA,2011,12.01165835
Latvia,LVA,2012,12.208934
Latvia,LVA,2013,12.896183
Latvia,LVA,2014,13.78739916
Latvia,LVA,2015,15.24810165
Latvia,LVA,2016,15.55702788
Latvia,LVA,2017,15.79757359
Latvia,LVA,2018,16.19572343
Latvia,LVA,2019,18.08881031
Least developed countries: UN classification,LDC,2010,42.91009099
Least developed countries: UN classification,LDC,2011,43.18321279
Least developed countries: UN classification,LDC,2012,43.3460961
Least developed countries: UN classification,LDC,2013,43.43227636
Least developed countries: UN classification,LDC,2014,44.12671341
Least developed countries: UN classification,LDC,2015,45.06618505
Least developed countries: UN classification,LDC,2016,45.25886687
Least developed countries: UN classification,LDC,2017,45.59413678
Least developed countries: UN classification,LDC,2018,46.82182142
Least developed countries: UN classification,LDC,2019,46.97632172
Lebanon,LBN,2010,28.96029994
Lebanon,LBN,2011,29.10177799
Lebanon,LBN,2012,29.24608686
Lebanon,LBN,2013,29.3218817
Lebanon,LBN,2014,29.33919611
Lebanon,LBN,2015,30.2100053
Lebanon,LBN,2016,31.01273397
Lebanon,LBN,2017,31.07383788
Lebanon,LBN,2018,31.74939856
Lebanon,LBN,2019,32.37350564
Lesotho,LSO,2010,27.52281327
Lesotho,LSO,2011,28.73518151
Lesotho,LSO,2012,29.79040935
Lesotho,LSO,2013,31.39956031
Lesotho,LSO,2014,31.82818232
Lesotho,LSO,2015,32.06282777
Lesotho,LSO,2016,32.54599663
Lesotho,LSO,2017,32.62987189
Lesotho,LSO,2018,32.67711249
Lesotho,LSO,2019,32.68274398
Liberia,LBR,2010,44.1458674
Liberia,LBR,2011,44.46963149
Liberia,LBR,2012,45.00740159
Liberia,LBR,2013,48.31232523
Liberia,LBR,2014,49.16699824
Liberia,LBR,2015,50.40175469
Liberia,LBR,2016,50.59973692
Liberia,LBR,2017,51.31718502
Liberia,LBR,2018,54.71186915
Liberia,LBR,2019,55.99663296
Libya,LBY,2010,37.51566204
Libya,LBY,2011,37.83073851
Libya,LBY,2012,38.59119845
Libya,LBY,2013,38.94887339
Libya,LBY,2014,39.66495649
Libya,LBY,2015,39.74162327
Libya,LBY,2016,40.00846258
Libya,LBY,2017,40.85182106
Libya,LBY,2018,43.22205102
Libya,LBY,2019,48.07737731
Lithuania,LTU,2010,10.19686116
Lithuania,LTU,2011,10.37350411
Lithuania,LTU,2012,10.48238618
Lithuania,LTU,2013,10.78161948
Lithuania,LTU,2014,11.80372346
Lithuania,LTU,2015,12.99478901
Lithuania,LTU,2016,13.0260807
Lithuania,LTU,2017,13.0277502
Lithuania,LTU,2018,13.3329535
Lithuania,LTU,2019,14.70448134
Low & middle income,LMY,2010,48.29253231
Low & middle income,LMY,2011,48.41039356
Low & middle income,LMY,2012,48.64396938
Low & middle income,LMY,2013,48.65052203
Low & middle income,LMY,2014,50.5171586
Low & middle income,LMY,2015,51.95959312
Low & middle income,LMY,2016,52.61928965
Low & middle income,LMY,2017,52.73506552
Low & middle income,LMY,2018,53.91623736
Low & middle income,LMY,2019,54.27313178
Low income,LIC,2010,40.19792035
Low income,LIC,2011,40.33653695
Low income,LIC,2012,40.5075738
Low income,LIC,2013,40.75702628
Low income,LIC,2014,40.81102858
Low income,LIC,2015,41.59763511
Low income,LIC,2016,41.85201388
Low income,LIC,2017,41.87602084
Low income,LIC,2018,42.85654223
Low income,LIC,2019,43.84840131
Lower middle income,LMC,2010,59.85260498
Lower middle income,LMC,2011,61.36146877
Lower middle income,LMC,2012,61.85963667
Lower middle income,LMC,2013,62.5367274
Lower middle income,LMC,2014,62.55557781
Lower middle income,LMC,2015,65.48045176
Lower middle income,LMC,2016,66.26267286
Lower middle income,LMC,2017,67.0049858
Lower middle income,LMC,2018,67.96635497
Lower middle income,LMC,2019,69.1224559
Luxembourg,LUX,2010,9.845420415
Luxembourg,LUX,2011,9.921704411
Luxembourg,LUX,2012,10.06890585
Luxembourg,LUX,2013,10.13585944
Luxembourg,LUX,2014,10.15031354
Luxembourg,LUX,2015,10.61470309
Luxembourg,LUX,2016,11.49788129
Luxembourg,LUX,2017,11.90044543
Luxembourg,LUX,2018,12.84812551
Luxembourg,LUX,2019,13.18124791
Madagascar,MDG,2010,17.8593854
Madagascar,MDG,2011,18.00806439
Madagascar,MDG,2012,18.27047187
Madagascar,MDG,2013,19.00867131
Madagascar,MDG,2014,19.17912129
Madagascar,MDG,2015,19.25843878
Madagascar,MDG,2016,19.34634864
Madagascar,MDG,2017,19.70239888
Madagascar,MDG,2018,20.09269248
Madagascar,MDG,2019,20.16731825
Malawi,MWI,2010,22.34665143
Malawi,MWI,2011,23.47253554
Malawi,MWI,2012,23.9485906
Malawi,MWI,2013,25.76200797
Malawi,MWI,2014,26.05141291
Malawi,MWI,2015,26.47693677
Malawi,MWI,2016,26.83022559
Malawi,MWI,2017,27.06821686
Malawi,MWI,2018,27.1748805
Malawi,MWI,2019,27.1977447
Malaysia,MYS,2010,16.4374241
Malaysia,MYS,2011,16.46084288
Malaysia,MYS,2012,16.59099631
Malaysia,MYS,2013,16.75819034
Malaysia,MYS,2014,17.22079966
Malaysia,MYS,2015,17.31553828
Malaysia,MYS,2016,18.12386202
Malaysia,MYS,2017,18.18110773
Malaysia,MYS,2018,18.24105197
Malaysia,MYS,2019,18.5277661
Maldives,MDV,2010,10.19679349
Maldives,MDV,2011,10.89985209
Maldives,MDV,2012,10.94405416
Maldives,MDV,2013,11.10396316
Maldives,MDV,2014,11.16442084
Maldives,MDV,2015,12.10828489
Maldives,MDV,2016,12.28813159
Maldives,MDV,2017,12.45355352
Maldives,MDV,2018,12.8234432
Maldives,MDV,2019,13.74643253
Mali,MLI,2010,52.78016724
Mali,MLI,2011,56.00353617
Mali,MLI,2012,58.97191431
Mali,MLI,2013,60.53457655
Mali,MLI,2014,60.61509832
Mali,MLI,2015,60.62414043
Mali,MLI,2016,61.60379119
Mali,MLI,2017,62.42665398
Mali,MLI,2018,63.43015874
Mali,MLI,2019,65.82960573
Malta,MLT,2010,12.50133169
Malta,MLT,2011,12.8402408
Malta,MLT,2012,12.9910498
Malta,MLT,2013,13.0359469
Malta,MLT,2014,13.32212417
Malta,MLT,2015,13.4950264
Malta,MLT,2016,13.75861976
Malta,MLT,2017,14.08691429
Malta,MLT,2018,16.1746136
Malta,MLT,2019,17.53479836
Marshall Islands,MHL,2010,9.019559314
Marshall Islands,MHL,2011,9.02903083
Marshall Islands,MHL,2012,9.044039796
Marshall Islands,MHL,2013,9.066089264
Marshall Islands,MHL,2014,9.075500701
Marshall Islands,MHL,2015,9.153255835
Marshall Islands,MHL,2016,9.279395317
Marshall Islands,MHL,2017,9.377626462
Marshall Islands,MHL,2018,9.446098507
Marshall Islands,MHL,2019,9.71516679
Mauritania,MRT,2010,60.59257285
Mauritania,MRT,2011,60.78226417
Mauritania,MRT,2012,64.4872204
Mauritania,MRT,2013,65.66767722
Mauritania,MRT,2014,66.48828292
Mauritania,MRT,2015,66.65394242
Mauritania,MRT,2016,66.8117824
Mauritania,MRT,2017,69.63359465
Mauritania,MRT,2018,70.24164945
Mauritania,MRT,2019,71.46707421
Mauritius,MUS,2010,14.81559572
Mauritius,MUS,2011,14.84558426
Mauritius,MUS,2012,14.86280357
Mauritius,MUS,2013,14.91383169
Mauritius,MUS,2014,14.92622738
Mauritius,MUS,2015,14.98251518
Mauritius,MUS,2016,15.00618829
Mauritius,MUS,2017,15.01177506
Mauritius,MUS,2018,15.01183272
Mauritius,MUS,2019,15.17960022
Mexico,MEX,2010,20.12401203
Mexico,MEX,2011,20.39335761
Mexico,MEX,2012,20.4160723
Mexico,MEX,2013,21.27024268
Mexico,MEX,2014,21.61912278
Mexico,MEX,2015,22.03917349
Mexico,MEX,2016,22.11412862
Mexico,MEX,2017,22.81352392
Mexico,MEX,2018,23.60777306
Mexico,MEX,2019,24.71743397
"Micronesia, Fed. Sts.",FSM,2010,10.1509403
"Micronesia, Fed. Sts.",FSM,2011,10.19444017
"Micronesia, Fed. Sts.",FSM,2012,10.25635183
"Micronesia, Fed. Sts.",FSM,2013,10.26183249
"Micronesia, Fed. Sts.",FSM,2014,10.37657887
"Micronesia, Fed. Sts.",FSM,2015,10.38285056
"Micronesia, Fed. Sts.",FSM,2016,10.39904238
"Micronesia, Fed. Sts.",FSM,2017,10.52119627
"Micronesia, Fed. Sts.",FSM,2018,10.70325232
"Micronesia, Fed. Sts.",FSM,2019,11.72674947
Middle East & North Africa,MEA,2010,46.41006799
Middle East & North Africa,MEA,2011,46.60359078
Middle East & North Africa,MEA,2012,46.79332147
Middle East & North Africa,MEA,2013,46.93174154
Middle East & North Africa,MEA,2014,46.95441384
Middle East & North Africa,MEA,2015,48.49555184
Middle East & North Africa,MEA,2016,48.78800283
Middle East & North Africa,MEA,2017,49.22887676
Middle East & North Africa,MEA,2018,49.56535059
Middle East & North Africa,MEA,2019,50.46776349
Middle East & North Africa (excluding high income),MNA,2010,45.60940217
Middle East & North Africa (excluding high income),MNA,2011,45.62863429
Middle East & North Africa (excluding high income),MNA,2012,45.7722413
Middle East & North Africa (excluding high income),MNA,2013,45.94033948
Middle East & North Africa (excluding high income),MNA,2014,46.44292356
Middle East & North Africa (excluding high income),MNA,2015,47.33838154
Middle East & North Africa (excluding high income),MNA,2016,47.37114633
Middle East & North Africa (excluding high income),MNA,2017,48.24436475
Middle East & North Africa (excluding high income),MNA,2018,48.40197161
Middle East & North Africa (excluding high income),MNA,2019,49.93160192
Middle East & North Africa (IDA & IBRD countries),TMN,2010,45.776742
Middle East & North Africa (IDA & IBRD countries),TMN,2011,45.79102546
Middle East & North Africa (IDA & IBRD countries),TMN,2012,45.92904026
Middle East & North Africa (IDA & IBRD countries),TMN,2013,46.10334477
Middle East & North Africa (IDA & IBRD countries),TMN,2014,46.57884507
Middle East & North Africa (IDA & IBRD countries),TMN,2015,47.48952946
Middle East & North Africa (IDA & IBRD countries),TMN,2016,47.53597917
Middle East & North Africa (IDA & IBRD countries),TMN,2017,48.38566572
Middle East & North Africa (IDA & IBRD countries),TMN,2018,48.55136738
Middle East & North Africa (IDA & IBRD countries),TMN,2019,50.08627365
Middle income,MIC,2010,49.15936091
Middle income,MIC,2011,49.23381683
Middle income,MIC,2012,49.45267556
Middle income,MIC,2013,49.50798747
Middle income,MIC,2014,51.37198992
Middle income,MIC,2015,53.0302226
Middle income,MIC,2016,53.59953266
Middle income,MIC,2017,53.66250517
Middle income,MIC,2018,55.16912159
Middle income,MIC,2019,55.72264105
Moldova,MDA,2010,13.38884186
Moldova,MDA,2011,13.74739724
Moldova,MDA,2012,13.90585086
Moldova,MDA,2013,14.73766469
Moldova,MDA,2014,16.12818151
Moldova,MDA,2015,16.41710187
Moldova,MDA,2016,17.57367294
Moldova,MDA,2017,17.99705557
Moldova,MDA,2018,18.15842605
Moldova,MDA,2019,18.25907358
Monaco,MCO,2010,11.42922219
Monaco,MCO,2011,11.51508073
Monaco,MCO,2012,11.66888949
Monaco,MCO,2013,11.75642502
Monaco,MCO,2014,11.93351121
Monaco,MCO,2015,13.01598782
Monaco,MCO,2016,13.056853
Monaco,MCO,2017,13.90302297
Monaco,MCO,2018,14.31510805
Monaco,MCO,2019,15.57817932
Mongolia,MNG,2010,30.13551628
Mongolia,MNG,2011,34.76350533
Mongolia,MNG,2012,35.95616844
Mongolia,MNG,2013,37.15549626
Mongolia,MNG,2014,37.47248859
Mongolia,MNG,2015,37.88969103
Mongolia,MNG,2016,37.96566722
Mongolia,MNG,2017,38.05757134
Mongolia,MNG,2018,39.37772018
Mongolia,MNG,2019,40.46590396
Montenegro,MNE,2010,21.21821429
Montenegro,MNE,2011,21.25685256
Montenegro,MNE,2012,21.67742225
Montenegro,MNE,2013,21.91565485
Montenegro,MNE,2014,23.35826543
Montenegro,MNE,2015,23.74483028
Montenegro,MNE,2016,24.01188607
Montenegro,MNE,2017,25.15673695
Montenegro,MNE,2018,26.06008923
Montenegro,MNE,2019,27.80248173
Morocco,MAR,2010,29.38557188
Morocco,MAR,2011,29.40059385
Morocco,MAR,2012,30.42396929
Morocco,MAR,2013,30.88602135
Morocco,MAR,2014,31.56370096
Morocco,MAR,2015,32.08758908
Morocco,MAR,2016,32.91817527
Morocco,MAR,2017,33.92957286
Morocco,MAR,2018,34.10665652
Morocco,MAR,2019,35.05284088
Mozambique,MOZ,2010,20.77406654
Mozambique,MOZ,2011,21.54200034
Mozambique,MOZ,2012,22.13970265
Mozambique,MOZ,2013,23.12560737
Mozambique,MOZ,2014,23.25243023
Mozambique,MOZ,2015,23.55656662
Mozambique,MOZ,2016,23.59782449
Mozambique,MOZ,2017,23.61494743
Mozambique,MOZ,2018,23.70516014
Mozambique,MOZ,2019,24.01223447
Myanmar,MMR,2010,29.10398763
Myanmar,MMR,2011,29.43314277
Myanmar,MMR,2012,29.57682003
Myanmar,MMR,2013,31.16283822
Myanmar,MMR,2014,31.18146951
Myanmar,MMR,2015,32.27396916
Myanmar,MMR,2016,32.41346793
Myanmar,MMR,2017,34.9152645
Myanmar,MMR,2018,36.13453786
Myanmar,MMR,2019,37.52067534
Namibia,NAM,2010,24.19978552
Namibia,NAM,2011,24.74796538
Namibia,NAM,2012,25.16074037
Namibia,NAM,2013,25.6294934
Namibia,NAM,2014,26.0859573
Namibia,NAM,2015,26.5972148
Namibia,NAM,2016,26.65148554
Namibia,NAM,2017,26.93323269
Namibia,NAM,2018,27.34520834
Namibia,NAM,2019,27.57145532
Nauru,NRU,2010,5.163300753
Nauru,NRU,2011,5.209032839
Nauru,NRU,2012,5.298737139
Nauru,NRU,2013,5.299076463
Nauru,NRU,2014,5.408164988
Nauru,NRU,2015,5.531956166
Nauru,NRU,2016,5.830128348
Nauru,NRU,2017,5.857163356
Nauru,NRU,2018,5.866224431
Nauru,NRU,2019,5.971842703
Nepal,NPL,2010,77.14093136
Nepal,NPL,2011,78.11293037
Nepal,NPL,2012,80.62596922
Nepal,NPL,2013,82.68815279
Nepal,NPL,2014,83.10319363
Nepal,NPL,2015,86.3556379
Nepal,NPL,2016,86.99389723
Nepal,NPL,2017,88.68734566
Nepal,NPL,2018,91.49270402
Nepal,NPL,2019,94.81583099
Netherlands,NLD,2010,11.51731149
Netherlands,NLD,2011,12.0392862
Netherlands,NLD,2012,12.07642052
Netherlands,NLD,2013,12.18576243
Netherlands,NLD,2014,12.42053652
Netherlands,NLD,2015,12.65099613
Netherlands,NLD,2016,12.72082828
Netherlands,NLD,2017,13.81230888
Netherlands,NLD,2018,15.49744169
Netherlands,NLD,2019,15.71146331
New Zealand,NZL,2010,5.983860739
New Zealand,NZL,2011,6.007926029
New Zealand,NZL,2012,6.034471375
New Zealand,NZL,2013,6.048305496
New Zealand,NZL,2014,6.052504463
New Zealand,NZL,2015,6.081610072
New Zealand,NZL,2016,6.112340412
New Zealand,NZL,2017,6.234547703
New Zealand,NZL,2018,6.263099945
New Zealand,NZL,2019,6.30265652
Nicaragua,NIC,2010,19.79808272
Nicaragua,NIC,2011,20.43900913
Nicaragua,NIC,2012,20.55766527
Nicaragua,NIC,2013,21.10660159
Nicaragua,NIC,2014,21.39452778
Nicaragua,NIC,2015,21.43012396
Nicaragua,NIC,2016,21.51418461
Nicaragua,NIC,2017,21.89483769
Nicaragua,NIC,2018,23.46972436
Nicaragua,NIC,2019,23.87684453
Niger,NER,2010,69.29133601
Niger,NER,2011,70.63492378
Niger,NER,2012,78.00109729
Niger,NER,2013,78.03893543
Niger,NER,2014,78.61511118
Niger,NER,2015,79.91205868
Niger,NER,2016,80.10926696
Niger,NER,2017,80.46845613
Niger,NER,2018,85.25194829
Niger,NER,2019,87.52219262
Nigeria,NGA,2010,59.48444907
Nigeria,NGA,2011,59.6854016
Nigeria,NGA,2012,62.90328334
Nigeria,NGA,2013,64.84236811
Nigeria,NGA,2014,67.36461608
Nigeria,NGA,2015,69.12074978
Nigeria,NGA,2016,69.62587645
Nigeria,NGA,2017,69.82257148
Nigeria,NGA,2018,70.39625682
Nigeria,NGA,2019,76.05337278
North America,NAC,2010,7.261037769
North America,NAC,2011,7.605692729
North America,NAC,2012,7.697830441
North America,NAC,2013,7.704093595
North America,NAC,2014,8.075016794
North America,NAC,2015,8.338488144
North America,NAC,2016,8.50471723
North America,NAC,2017,8.743211248
North America,NAC,2018,9.071694761
North America,NAC,2019,9.088969351
North Macedonia,MKD,2010,30.26931856
North Macedonia,MKD,2011,30.49533977
North Macedonia,MKD,2012,30.88528202
North Macedonia,MKD,2013,31.43565921
North Macedonia,MKD,2014,32.55975286
North Macedonia,MKD,2015,33.90486411
North Macedonia,MKD,2016,34.79278398
North Macedonia,MKD,2017,35.8443433
North Macedonia,MKD,2018,36.79534047
North Macedonia,MKD,2019,41.05690857
Northern Mariana Islands,MNP,2010,6.985875583
Northern Mariana Islands,MNP,2011,7.040822394
Northern Mariana Islands,MNP,2012,7.189279108
Northern Mariana Islands,MNP,2013,7.349006477
Northern Mariana Islands,MNP,2014,7.690390513
Northern Mariana Islands,MNP,2015,7.839653053
Northern Mariana Islands,MNP,2016,8.151978907
Northern Mariana Islands,MNP,2017,8.192170775
Northern Mariana Islands,MNP,2018,8.374308489
Northern Mariana Islands,MNP,2019,9.546252635
Norway,NOR,2010,6.594523915
Norway,NOR,2011,6.642383374
Norway,NOR,2012,6.652507161
Norway,NOR,2013,6.695799295
Norway,NOR,2014,7.00932544
Norway,NOR,2015,7.27897533
Norway,NOR,2016,7.454135917
Norway,NOR,2017,7.555663741
Norway,NOR,2018,8.099763965
Norway,NOR,2019,9.050737279
OECD members,OED,2010,13.83673065
OECD members,OED,2011,13.90361734
OECD members,OED,2012,13.92771792
OECD members,OED,2013,13.96192016
OECD members,OED,2014,14.63516448
OECD members,OED,2015,14.65539167
OECD members,OED,2016,15.07305128
OECD members,OED,2017,15.12463735
OECD members,OED,2018,15.4931525
OECD members,OED,2019,16.04955573
Oman,OMN,2010,40.65538072
Oman,OMN,2011,41.07175478
Oman,OMN,2012,42.27135251
Oman,OMN,2013,44.03325236
Oman,OMN,2014,44.05922815
Oman,OMN,2015,44.0639596
Oman,OMN,2016,44.31794214
Oman,OMN,2017,44.57247023
Oman,OMN,2018,44.83063053
Oman,OMN,2019,46.57105523
Other small states,OSS,2010,34.17051882
Other small states,OSS,2011,34.44168269
Other small states,OSS,2012,34.76168904
Other small states,OSS,2013,35.51172107
Other small states,OSS,2014,35.68130759
Other small states,OSS,2015,35.91221454
Other small states,OSS,2016,36.16037583
Other small states,OSS,2017,36.38038372
Other small states,OSS,2018,36.73261668
Other small states,OSS,2019,38.02594271
Pacific island small states,PSS,2010,11.13453704
Pacific island small states,PSS,2011,11.14667978
Pacific island small states,PSS,2012,11.21113018
Pacific island small states,PSS,2013,11.21988192
Pacific island small states,PSS,2014,11.27001028
Pacific island small states,PSS,2015,11.3496289
Pacific island small states,PSS,2016,11.34995307
Pacific island small states,PSS,2017,11.45948248
Pacific island small states,PSS,2018,11.50018691
Pacific island small states,PSS,2019,11.54387304
Pakistan,PAK,2010,59.60870032
Pakistan,PAK,2011,59.98728468
Pakistan,PAK,2012,61.75482212
Pakistan,PAK,2013,62.39700577
Pakistan,PAK,2014,62.57424987
Pakistan,PAK,2015,65.41081339
Pakistan,PAK,2016,66.84634548
Pakistan,PAK,2017,66.9297544
Pakistan,PAK,2018,68.7176409
Pakistan,PAK,2019,70.94474538
Palau,PLW,2010,5.82930591
Palau,PLW,2011,6.521075623
Palau,PLW,2012,6.669478845
Palau,PLW,2013,6.820763202
Palau,PLW,2014,6.873805482
Palau,PLW,2015,6.908076947
Palau,PLW,2016,7.150738006
Palau,PLW,2017,7.281334486
Palau,PLW,2018,7.327135948
Palau,PLW,2019,9.036533493
Panama,PAN,2010,13.20059479
Panama,PAN,2011,13.63064322
Panama,PAN,2012,13.86640498
Panama,PAN,2013,14.43266888
Panama,PAN,2014,14.92315966
Panama,PAN,2015,15.44989787
Panama,PAN,2016,15.4543969
Panama,PAN,2017,15.45471741
Panama,PAN,2018,15.47718389
Panama,PAN,2019,15.97528537
Papua New Guinea,PNG,2010,15.7666112
Papua New Guinea,PNG,2011,15.94673725
Papua New Guinea,PNG,2012,15.98949513
Papua New Guinea,PNG,2013,16.10736574
Papua New Guinea,PNG,2014,16.2311858
Papua New Guinea,PNG,2015,16.26495641
Papua New Guinea,PNG,2016,16.33833033
Papua New Guinea,PNG,2017,16.54292665
Papua New Guinea,PNG,2018,16.6926953
Papua New Guinea,PNG,2019,17.35284731
Paraguay,PRY,2010,12.22763869
Paraguay,PRY,2011,12.26387025
Paraguay,PRY,2012,12.47939839
Paraguay,PRY,2013,12.4836148
Paraguay,PRY,2014,12.51891553
Paraguay,PRY,2015,13.94629802
Paraguay,PRY,2016,14.43912959
Paraguay,PRY,2017,14.56556748
Paraguay,PRY,2018,14.98227411
Paraguay,PRY,2019,15.79855879
Peru,PER,2010,29.17575629
Peru,PER,2011,29.50216912
Peru,PER,2012,30.00974099
Peru,PER,2013,30.23785803
Peru,PER,2014,30.29525868
Peru,PER,2015,30.44623225
Peru,PER,2016,30.63848317
Peru,PER,2017,30.66320889
Peru,PER,2018,30.82669477
Peru,PER,2019,30.87318178
Philippines,PHL,2010,18.64126301
Philippines,PHL,2011,18.73649283
Philippines,PHL,2012,18.82613108
Philippines,PHL,2013,19.5380734
Philippines,PHL,2014,19.6970665
Philippines,PHL,2015,20.11007067
Philippines,PHL,2016,20.85443431
Philippines,PHL,2017,21.63680867
Philippines,PHL,2018,21.81288679
Philippines,PHL,2019,24.09308424
Poland,POL,2010,21.81786779
Poland,POL,2011,22.6420051
Poland,POL,2012,22.74705532
Poland,POL,2013,22.76911952
Poland,POL,2014,22.779038
Poland,POL,2015,23.69389027
Poland,POL,2016,23.91940281
Poland,POL,2017,24.60328947
Poland,POL,2018,27.07180922
Poland,POL,2019,27.29182037
Portugal,PRT,2010,7.921467562
Portugal,PRT,2011,8.254802244
Portugal,PRT,2012,8.29850884
Portugal,PRT,2013,8.478894344
Portugal,PRT,2014,8.77615963
Portugal,PRT,2015,8.893342519
Portugal,PRT,2016,8.917701837
Portugal,PRT,2017,9.261773306
Portugal,PRT,2018,9.88427534
Portugal,PRT,2019,10.58600078
Post-demographic dividend,PST,2010,11.47024949
Post-demographic dividend,PST,2011,11.54756913
Post-demographic dividend,PST,2012,11.62752379
Post-demographic dividend,PST,2013,11.65012566
Post-demographic dividend,PST,2014,12.25074364
Post-demographic dividend,PST,2015,12.34309723
Post-demographic dividend,PST,2016,12.74830255
Post-demographic dividend,PST,2017,12.87140503
Post-demographic dividend,PST,2018,13.30290114
Post-demographic dividend,PST,2019,13.66290506
Pre-demographic dividend,PRE,2010,44.26191607
Pre-demographic dividend,PRE,2011,44.97807559
Pre-demographic dividend,PRE,2012,45.90630503
Pre-demographic dividend,PRE,2013,47.04563196
Pre-demographic dividend,PRE,2014,47.19196505
Pre-demographic dividend,PRE,2015,47.24786399
Pre-demographic dividend,PRE,2016,47.30009359
Pre-demographic dividend,PRE,2017,48.4978582
Pre-demographic dividend,PRE,2018,48.63268069
Pre-demographic dividend,PRE,2019,51.63815041
Puerto Rico,PRI,2010,5.57145349
Puerto Rico,PRI,2011,5.995986
Puerto Rico,PRI,2012,6.131923431
Puerto Rico,PRI,2013,6.242564048
Puerto Rico,PRI,2014,6.296361103
Puerto Rico,PRI,2015,6.720400954
Puerto Rico,PRI,2016,6.74257415
Puerto Rico,PRI,2017,6.772591917
Puerto Rico,PRI,2018,6.841077504
Puerto Rico,PRI,2019,6.85168132
Qatar,QAT,2010,72.73980041
Qatar,QAT,2011,76.04929303
Qatar,QAT,2012,76.14228614
Qatar,QAT,2013,77.11333116
Qatar,QAT,2014,78.38698962
Qatar,QAT,2015,79.06584644
Qatar,QAT,2016,81.22257259
Qatar,QAT,2017,81.2898681
Qatar,QAT,2018,84.9982268
Qatar,QAT,2019,85.96686769
Romania,ROU,2010,15.19734324
Romania,ROU,2011,15.67108952
Romania,ROU,2012,15.69941205
Romania,ROU,2013,15.71390854
Romania,ROU,2014,16.09492405
Romania,ROU,2015,16.48954454
Romania,ROU,2016,16.55872786
Romania,ROU,2017,17.84168596
Romania,ROU,2018,18.48995556
Romania,ROU,2019,19.50868234
Russian Federation,RUS,2010,11.52259599
Russian Federation,RUS,2011,11.59553193
Russian Federation,RUS,2012,11.62978513
Russian Federation,RUS,2013,12.17632027
Russian Federation,RUS,2014,12.87477297
Russian Federation,RUS,2015,13.63707838
Russian Federation,RUS,2016,13.65876761
Russian Federation,RUS,2017,13.90976132
Russian Federation,RUS,2018,13.93528348
Russian Federation,RUS,2019,15.27774638
Rwanda,RWA,2010,35.57288206
Rwanda,RWA,2011,36.18491574
Rwanda,RWA,2012,36.27169287
Rwanda,RWA,2013,36.6600241
Rwanda,RWA,2014,37.75459321
Rwanda,RWA,2015,37.75661455
Rwanda,RWA,2016,38.04487801
Rwanda,RWA,2017,38.48510282
Rwanda,RWA,2018,38.64241689
Rwanda,RWA,2019,40.28931528
Samoa,WSM,2010,10.70804506
Samoa,WSM,2011,10.78258779
Samoa,WSM,2012,10.86783061
Samoa,WSM,2013,10.90094994
Samoa,WSM,2014,11.01483371
Samoa,WSM,2015,11.01634581
Samoa,WSM,2016,11.0444457
Samoa,WSM,2017,11.10471801
Samoa,WSM,2018,11.14080727
Samoa,WSM,2019,11.31508398
San Marino,SMR,2010,9.017566285
San Marino,SMR,2011,9.261669606
San Marino,SMR,2012,9.488658091
San Marino,SMR,2013,9.701666602
San Marino,SMR,2014,9.723372737
San Marino,SMR,2015,9.795344364
San Marino,SMR,2016,9.847828442
San Marino,SMR,2017,9.906728131
San Marino,SMR,2018,9.981823299
San Marino,SMR,2019,10.00739323
Sao Tome and Principe,STP,2010,28.00675623
Sao Tome and Principe,STP,2011,29.38329504
Sao Tome and Principe,STP,2012,29.99540715
Sao Tome and Principe,STP,2013,30.47158597
Sao Tome and Principe,STP,2014,30.76797737
Sao Tome and Principe,STP,2015,31.05885758
Sao Tome and Principe,STP,2016,31.12162978
Sao Tome and Principe,STP,2017,32.12056277
Sao Tome and Principe,STP,2018,34.73052829
Sao Tome and Principe,STP,2019,36.14480676
Saudi Arabia,SAU,2010,56.51070298
Saudi Arabia,SAU,2011,59.60073601
Saudi Arabia,SAU,2012,61.50824107
Saudi Arabia,SAU,2013,61.90085192
Saudi Arabia,SAU,2014,62.92279434
Saudi Arabia,SAU,2015,63.89713488
Saudi Arabia,SAU,2016,64.95237113
Saudi Arabia,SAU,2017,65.06263762
Saudi Arabia,SAU,2018,66.82087377
Saudi Arabia,SAU,2019,67.67731877
Senegal,SEN,2010,53.04187379
Senegal,SEN,2011,55.40981308
Senegal,SEN,2012,56.68739592
Senegal,SEN,2013,58.02145733
Senegal,SEN,2014,59.47930794
Senegal,SEN,2015,60.0827093
Senegal,SEN,2016,60.21139678
Senegal,SEN,2017,63.42037083
Senegal,SEN,2018,64.50905978
Senegal,SEN,2019,65.39361923
Serbia,SRB,2010,25.34308507
Serbia,SRB,2011,25.35417205
Serbia,SRB,2012,25.88760434
Serbia,SRB,2013,26.41632295
Serbia,SRB,2014,27.89252544
Serbia,SRB,2015,28.20153736
Serbia,SRB,2016,28.69870346
Serbia,SRB,2017,30.48810995
Serbia,SRB,2018,31.39235052
Serbia,SRB,2019,33.88729136
Seychelles,SYC,2010,15.1257082
Seychelles,SYC,2011,15.1301922
Seychelles,SYC,2012,15.31346781
Seychelles,SYC,2013,15.5639189
Seychelles,SYC,2014,15.60358619
Seychelles,SYC,2015,15.87951496
Seychelles,SYC,2016,15.88743775
Seychelles,SYC,2017,15.98290713
Seychelles,SYC,2018,16.05158537
Seychelles,SYC,2019,16.5159476
Sierra Leone,SLE,2010,44.13942031
Sierra Leone,SLE,2011,46.18555659
Sierra Leone,SLE,2012,46.33948449
Sierra Leone,SLE,2013,49.58465165
Sierra Leone,SLE,2014,50.18179276
Sierra Leone,SLE,2015,50.8684225
Sierra Leone,SLE,2016,51.02064483
Sierra Leone,SLE,2017,51.09606544
Sierra Leone,SLE,2018,53.91337358
Sierra Leone,SLE,2019,55.08583208
Singapore,SGP,2010,15.07604341
Singapore,SGP,2011,16.42814491
Singapore,SGP,2012,17.53182291
Singapore,SGP,2013,17.63850257
Singapore,SGP,2014,17.73247308
Singapore,SGP,2015,18.29501195
Singapore,SGP,2016,18.49335298
Singapore,SGP,2017,18.55801565
Singapore,SGP,2018,18.59998502
Singapore,SGP,2019,18.76588248
Slovak Republic,SVK,2010,17.8694289
Slovak Republic,SVK,2011,18.2454102
Slovak Republic,SVK,2012,18.36521464
Slovak Republic,SVK,2013,18.49542534
Slovak Republic,SVK,2014,19.11555836
Slovak Republic,SVK,2015,19.3125724
Slovak Republic,SVK,2016,19.63711495
Slovak Republic,SVK,2017,20.33063119
Slovak Republic,SVK,2018,21.47373959
Slovak Republic,SVK,2019,22.60332523
Slovenia,SVN,2010,16.52950459
Slovenia,SVN,2011,16.70789043
Slovenia,SVN,2012,16.96940443
Slovenia,SVN,2013,17.08366574
Slovenia,SVN,2014,17.92089482
Slovenia,SVN,2015,18.05674056
Slovenia,SVN,2016,18.4258514
Slovenia,SVN,2017,18.59905794
Slovenia,SVN,2018,19.19737442
Slovenia,SVN,2019,20.9420236
Small states,SST,2010,29.73845895
Small states,SST,2011,29.80663204
Small states,SST,2012,30.16384859
Small states,SST,2013,30.45516133
Small states,SST,2014,31.18946596
Small states,SST,2015,31.36140862
Small states,SST,2016,31.51281332
Small states,SST,2017,31.58622006
Small states,SST,2018,31.67322326
Small states,SST,2019,32.98337529
Solomon Islands,SLB,2010,11.69813051
Solomon Islands,SLB,2011,11.76206355
Solomon Islands,SLB,2012,12.07044801
Solomon Islands,SLB,2013,12.10848854
Solomon Islands,SLB,2014,12.31045976
Solomon Islands,SLB,2015,12.32052248
Solomon Islands,SLB,2016,12.49008643
Solomon Islands,SLB,2017,12.75980934
Solomon Islands,SLB,2018,12.81538467
Solomon Islands,SLB,2019,12.89495904
Somalia,SOM,2010,27.81831288
Somalia,SOM,2011,28.00473928
Somalia,SOM,2012,28.41561243
Somalia,SOM,2013,28.71473783
Somalia,SOM,2014,29.76843426
Somalia,SOM,2015,29.95291683
Somalia,SOM,2016,30.10150263
Somalia,SOM,2017,30.33188409
Somalia,SOM,2018,30.36142727
Somalia,SOM,2019,31.3100816
South Africa,ZAF,2010,28.67475434
South Africa,ZAF,2011,28.72137557
South Africa,ZAF,2012,28.75401758
South Africa,ZAF,2013,28.7701453
South Africa,ZAF,2014,28.8576422
South Africa,ZAF,2015,28.99888476
South Africa,ZAF,2016,29.16575633
South Africa,ZAF,2017,29.23503061
South Africa,ZAF,2018,29.39830185
South Africa,ZAF,2019,29.45389805
South Asia,SAS,2010,71.77793687
South Asia,SAS,2011,74.70462129
South Asia,SAS,2012,76.38704398
South Asia,SAS,2013,77.42768615
South Asia,SAS,2014,77.56340034
South Asia,SAS,2015,80.97158024
South Asia,SAS,2016,82.75943777
South Asia,SAS,2017,83.26781208
South Asia,SAS,2018,85.68331128
South Asia,SAS,2019,88.83596039
South Asia (IDA & IBRD),TSA,2010,71.77793687
South Asia (IDA & IBRD),TSA,2011,74.70462129
South Asia (IDA & IBRD),TSA,2012,76.38704398
South Asia (IDA & IBRD),TSA,2013,77.42768615
South Asia (IDA & IBRD),TSA,2014,77.56340034
South Asia (IDA & IBRD),TSA,2015,80.97158024
South Asia (IDA & IBRD),TSA,2016,82.75943777
South Asia (IDA & IBRD),TSA,2017,83.26781208
South Asia (IDA & IBRD),TSA,2018,85.68331128
South Asia (IDA & IBRD),TSA,2019,88.83596039
South Sudan,SSD,2010,35.86344781
South Sudan,SSD,2011,37.55277786
South Sudan,SSD,2012,37.94147452
South Sudan,SSD,2013,37.97705763
South Sudan,SSD,2014,38.66290029
South Sudan,SSD,2015,39.24576366
South Sudan,SSD,2016,40.22177745
South Sudan,SSD,2017,40.60479868
South Sudan,SSD,2018,41.0035213
South Sudan,SSD,2019,41.19727621
Spain,ESP,2010,9.576497124
Spain,ESP,2011,9.728788477
Spain,ESP,2012,9.749324875
Spain,ESP,2013,9.769206907
Spain,ESP,2014,9.830912644
Spain,ESP,2015,10.3607232
Spain,ESP,2016,10.53568076
Spain,ESP,2017,11.17997141
Spain,ESP,2018,11.49190106
Spain,ESP,2019,12.44203689
Sri Lanka,LKA,2010,18.97034499
Sri Lanka,LKA,2011,19.69446106
Sri Lanka,LKA,2012,19.92492371
Sri Lanka,LKA,2013,19.96439581
Sri Lanka,LKA,2014,20.7396319
Sri Lanka,LKA,2015,20.96900691
Sri Lanka,LKA,2016,21.56928542
Sri Lanka,LKA,2017,22.42414797
Sri Lanka,LKA,2018,22.99523942
Sri Lanka,LKA,2019,24.69380238
St. Kitts and Nevis,KNA,2010,7.323219482
St. Kitts and Nevis,KNA,2011,7.579156473
St. Kitts and Nevis,KNA,2012,7.730147535
St. Kitts and Nevis,KNA,2013,7.966169748
St. Kitts and Nevis,KNA,2014,8.104640488
St. Kitts and Nevis,KNA,2015,8.556462116
St. Kitts and Nevis,KNA,2016,8.593255996
St. Kitts and Nevis,KNA,2017,8.770852336
St. Kitts and Nevis,KNA,2018,8.789142812
St. Kitts and Nevis,KNA,2019,8.801879674
St. Lucia,LCA,2010,19.11755404
St. Lucia,LCA,2011,19.89151671
St. Lucia,LCA,2012,20.05991754
St. Lucia,LCA,2013,20.14066609
St. Lucia,LCA,2014,20.17665798
St. Lucia,LCA,2015,20.75716759
St. Lucia,LCA,2016,21.04710708
St. Lucia,LCA,2017,21.15799134
St. Lucia,LCA,2018,21.22131742
St. Lucia,LCA,2019,21.86217654
St. Vincent and the Grenadines,VCT,2010,19.03173268
St. Vincent and the Grenadines,VCT,2011,19.79811789
St. Vincent and the Grenadines,VCT,2012,19.92158144
St. Vincent and the Grenadines,VCT,2013,19.94906515
St. Vincent and the Grenadines,VCT,2014,20.05605524
St. Vincent and the Grenadines,VCT,2015,20.73036472
St. Vincent and the Grenadines,VCT,2016,20.91035722
St. Vincent and the Grenadines,VCT,2017,21.05824537
St. Vincent and the Grenadines,VCT,2018,21.12973864
St. Vincent and the Grenadines,VCT,2019,21.74047554
Sub-Saharan Africa,SSF,2010,41.13309875
Sub-Saharan Africa,SSF,2011,41.94316098
Sub-Saharan Africa,SSF,2012,42.64122953
Sub-Saharan Africa,SSF,2013,44.03506117
Sub-Saharan Africa,SSF,2014,44.05044257
Sub-Saharan Africa,SSF,2015,44.14107964
Sub-Saharan Africa,SSF,2016,44.19823842
Sub-Saharan Africa,SSF,2017,45.24878749
Sub-Saharan Africa,SSF,2018,45.35513432
Sub-Saharan Africa,SSF,2019,47.81735566
Sub-Saharan Africa (excluding high income),SSA,2010,41.13551933
Sub-Saharan Africa (excluding high income),SSA,2011,41.94561583
Sub-Saharan Africa (excluding high income),SSA,2012,42.64403736
Sub-Saharan Africa (excluding high income),SSA,2013,44.03753965
Sub-Saharan Africa (excluding high income),SSA,2014,44.05310531
Sub-Saharan Africa (excluding high income),SSA,2015,44.14362517
Sub-Saharan Africa (excluding high income),SSA,2016,44.20077148
Sub-Saharan Africa (excluding high income),SSA,2017,45.25156201
Sub-Saharan Africa (excluding high income),SSA,2018,45.3578184
Sub-Saharan Africa (excluding high income),SSA,2019,47.82036623
Sub-Saharan Africa (IDA & IBRD countries),TSS,2010,41.13309875
Sub-Saharan Africa (IDA & IBRD countries),TSS,2011,41.94316098
Sub-Saharan Africa (IDA & IBRD countries),TSS,2012,42.64122953
Sub-Saharan Africa (IDA & IBRD countries),TSS,2013,44.03506117
Sub-Saharan Africa (IDA & IBRD countries),TSS,2014,44.05044257
Sub-Saharan Africa (IDA & IBRD countries),TSS,2015,44.14107964
Sub-Saharan Africa (IDA & IBRD countries),TSS,2016,44.19823842
Sub-Saharan Africa (IDA & IBRD countries),TSS,2017,45.24878749
Sub-Saharan Africa (IDA & IBRD countries),TSS,2018,45.35513432
Sub-Saharan Africa (IDA & IBRD countries),TSS,2019,47.81735566
Sudan,SDN,2010,46.72140545
Sudan,SDN,2011,51.51145712
Sudan,SDN,2012,52.4865762
Sudan,SDN,2013,52.80306653
Sudan,SDN,2014,52.82073801
Sudan,SDN,2015,53.48836405
Sudan,SDN,2016,53.77109049
Sudan,SDN,2017,54.42324069
Sudan,SDN,2018,54.67729786
Sudan,SDN,2019,54.8566288
Suriname,SUR,2010,20.81608138
Suriname,SUR,2011,21.17742119
Suriname,SUR,2012,22.04999577
Suriname,SUR,2013,22.56714849
Suriname,SUR,2014,22.592664
Suriname,SUR,2015,22.73742598
Suriname,SUR,2016,22.80583417
Suriname,SUR,2017,23.12808666
Suriname,SUR,2018,25.07836422
Suriname,SUR,2019,26.58467637
Sweden,SWE,2010,5.44671115
Sweden,SWE,2011,5.647572855
Sweden,SWE,2012,5.688407622
Sweden,SWE,2013,5.693011634
Sweden,SWE,2014,5.870147043
Sweden,SWE,2015,6.170044152
Sweden,SWE,2016,6.171492562
Sweden,SWE,2017,6.454065914
Sweden,SWE,2018,7.400644792
Sweden,SWE,2019,7.469532494
Switzerland,CHE,2010,9.854778198
Switzerland,CHE,2011,9.902709701
Switzerland,CHE,2012,10.15005926
Switzerland,CHE,2013,10.60281759
Switzerland,CHE,2014,10.60883998
Switzerland,CHE,2015,11.59075488
Switzerland,CHE,2016,12.47195588
Switzerland,CHE,2017,12.71146517
Switzerland,CHE,2018,13.15189172
Switzerland,CHE,2019,13.81779708
Syrian Arab Republic,SYR,2010,30.95362503
Syrian Arab Republic,SYR,2011,31.37040945
Syrian Arab Republic,SYR,2012,31.4019564
Syrian Arab Republic,SYR,2013,31.68059462
Syrian Arab Republic,SYR,2014,31.86869856
Syrian Arab Republic,SYR,2015,32.65425575
Syrian Arab Republic,SYR,2016,32.78115955
Syrian Arab Republic,SYR,2017,33.17491042
Syrian Arab Republic,SYR,2018,33.99185965
Syrian Arab Republic,SYR,2019,35.54506403
Tajikistan,TJK,2010,34.51170734
Tajikistan,TJK,2011,38.13679678
Tajikistan,TJK,2012,38.14076689
Tajikistan,TJK,2013,38.31858602
Tajikistan,TJK,2014,38.4793437
Tajikistan,TJK,2015,38.97318659
Tajikistan,TJK,2016,39.63461873
Tajikistan,TJK,2017,41.23014791
Tajikistan,TJK,2018,42.28231885
Tajikistan,TJK,2019,46.03697934
Tanzania,TZA,2010,24.74048013
Tanzania,TZA,2011,25.3263334
Tanzania,TZA,2012,25.50347928
Tanzania,TZA,2013,26.43302182
Tanzania,TZA,2014,27.20432638
Tanzania,TZA,2015,27.81900362
Tanzania,TZA,2016,27.84689732
Tanzania,TZA,2017,28.24026641
Tanzania,TZA,2018,28.36614872
Tanzania,TZA,2019,28.91642749
Thailand,THA,2010,26.93362982
Thailand,THA,2011,27.40271356
Thailand,THA,2012,27.48165939
Thailand,THA,2013,28.04174447
Thailand,THA,2014,29.43028859
Thailand,THA,2015,29.91406001
Thailand,THA,2016,30.69239101
Thailand,THA,2017,31.34154258
Thailand,THA,2018,33.7865692
Thailand,THA,2019,35.4185359
Timor-Leste,TLS,2010,15.51584391
Timor-Leste,TLS,2011,15.65130893
Timor-Leste,TLS,2012,15.69097484
Timor-Leste,TLS,2013,15.77724688
Timor-Leste,TLS,2014,16.13110733
Timor-Leste,TLS,2015,16.18184039
Timor-Leste,TLS,2016,16.40831114
Timor-Leste,TLS,2017,16.95211573
Timor-Leste,TLS,2018,17.20652719
Timor-Leste,TLS,2019,17.23567916
Togo,TGO,2010,40.29245507
Togo,TGO,2011,40.66206069
Togo,TGO,2012,43.37426449
Togo,TGO,2013,43.41716078
Togo,TGO,2014,45.21821252
Togo,TGO,2015,46.21037553
Togo,TGO,2016,46.39462374
Togo,TGO,2017,46.51135326
Togo,TGO,2018,48.26087382
Togo,TGO,2019,51.06406404
Tonga,TON,2010,10.40546856
Tonga,TON,2011,10.58622123
Tonga,TON,2012,10.6046872
Tonga,TON,2013,10.60572192
Tonga,TON,2014,10.65130025
Tonga,TON,2015,10.65422797
Tonga,TON,2016,10.6865204
Tonga,TON,2017,10.7168388
Tonga,TON,2018,10.723832
Tonga,TON,2019,10.89494195
Trinidad and Tobago,TTO,2010,19.82404669
Trinidad and Tobago,TTO,2011,20.12399348
Trinidad and Tobago,TTO,2012,20.21083792
Trinidad and Tobago,TTO,2013,20.3861167
Trinidad and Tobago,TTO,2014,20.63455256
Trinidad and Tobago,TTO,2015,21.3879586
Trinidad and Tobago,TTO,2016,21.74480107
Trinidad and Tobago,TTO,2017,21.87542393
Trinidad and Tobago,TTO,2018,21.97072547
Trinidad and Tobago,TTO,2019,22.36411414
Tunisia,TUN,2010,29.75488893
Tunisia,TUN,2011,29.84147507
Tunisia,TUN,2012,30.38558265
Tunisia,TUN,2013,30.42981942
Tunisia,TUN,2014,30.61001314
Tunisia,TUN,2015,31.03674122
Tunisia,TUN,2016,31.08552131
Tunisia,TUN,2017,32.50654257
Tunisia,TUN,2018,32.78407402
Tunisia,TUN,2019,34.11834281
Turkiye,TUR,2010,26.03180162
Turkiye,TUR,2011,26.28925045
Turkiye,TUR,2012,26.54401982
Turkiye,TUR,2013,27.12238118
Turkiye,TUR,2014,27.60700271
Turkiye,TUR,2015,27.7790227
Turkiye,TUR,2016,27.78269564
Turkiye,TUR,2017,27.81978844
Turkiye,TUR,2018,28.61166279
Turkiye,TUR,2019,28.91206034
Turkmenistan,TKM,2010,26.09846929
Turkmenistan,TKM,2011,26.19766251
Turkmenistan,TKM,2012,26.54690284
Turkmenistan,TKM,2013,27.12775327
Turkmenistan,TKM,2014,27.51227497
Turkmenistan,TKM,2015,28.62109508
Turkmenistan,TKM,2016,30.55977858
Turkmenistan,TKM,2017,30.61966084
Turkmenistan,TKM,2018,30.77259876
Turkmenistan,TKM,2019,32.27881291
Tuvalu,TUV,2010,5.35187548
Tuvalu,TUV,2011,5.365913304
Tuvalu,TUV,2012,5.379974113
Tuvalu,TUV,2013,5.553116321
Tuvalu,TUV,2014,5.605062226
Tuvalu,TUV,2015,5.62828047
Tuvalu,TUV,2016,6.001982186
Tuvalu,TUV,2017,6.02840838
Tuvalu,TUV,2018,6.03834377
Tuvalu,TUV,2019,6.095297225
Uganda,UGA,2010,35.21822646
Uganda,UGA,2011,37.19901219
Uganda,UGA,2012,38.52500218
Uganda,UGA,2013,38.79164944
Uganda,UGA,2014,40.76668868
Uganda,UGA,2015,41.56924447
Uganda,UGA,2016,41.73858584
Uganda,UGA,2017,42.01385372
Uganda,UGA,2018,42.79371506
Uganda,UGA,2019,43.15615417
Ukraine,UKR,2010,14.51117826
Ukraine,UKR,2011,14.53144476
Ukraine,UKR,2012,14.6057706
Ukraine,UKR,2013,14.9203705
Ukraine,UKR,2014,16.65075046
Ukraine,UKR,2015,17.26757325
Ukraine,UKR,2016,17.5138754
Ukraine,UKR,2017,17.66327367
Ukraine,UKR,2018,18.1284545
Ukraine,UKR,2019,18.77805621
United Arab Emirates,ARE,2010,41.09563287
United Arab Emirates,ARE,2011,43.22089056
United Arab Emirates,ARE,2012,43.5280748
United Arab Emirates,ARE,2013,43.66702552
United Arab Emirates,ARE,2014,43.81418539
United Arab Emirates,ARE,2015,43.82369016
United Arab Emirates,ARE,2016,44.3465132
United Arab Emirates,ARE,2017,45.90353609
United Arab Emirates,ARE,2018,45.90634891
United Arab Emirates,ARE,2019,47.64094019
United Kingdom,GBR,2010,10.09284402
United Kingdom,GBR,2011,10.17141578
United Kingdom,GBR,2012,10.21445169
United Kingdom,GBR,2013,10.35539774
United Kingdom,GBR,2014,10.37250919
United Kingdom,GBR,2015,10.88658588
United Kingdom,GBR,2016,11.42279633
United Kingdom,GBR,2017,11.43181815
United Kingdom,GBR,2018,12.42896791
United Kingdom,GBR,2019,12.99522944
United States,USA,2010,7.378939412
United States,USA,2011,7.663692516
United States,USA,2012,7.74468451
United States,USA,2013,7.775115257
United States,USA,2014,8.163752791
United States,USA,2015,8.433002378
United States,USA,2016,8.64162897
United States,USA,2017,8.869988146
United States,USA,2018,9.221851825
United States,USA,2019,9.26299254
Upper middle income,UMC,2010,34.18463879
Upper middle income,UMC,2011,35.05694011
Upper middle income,UMC,2012,35.3344846
Upper middle income,UMC,2013,36.70528132
Upper middle income,UMC,2014,38.5834839
Upper middle income,UMC,2015,39.18591483
Upper middle income,UMC,2016,40.84180473
Upper middle income,UMC,2017,40.98446098
Upper middle income,UMC,2018,41.28891747
Upper middle income,UMC,2019,43.30644481
Uruguay,URY,2010,9.304554903
Uruguay,URY,2011,9.418435717
Uruguay,URY,2012,9.533862914
Uruguay,URY,2013,9.535755186
Uruguay,URY,2014,9.579838998
Uruguay,URY,2015,9.677654528
Uruguay,URY,2016,9.886206715
Uruguay,URY,2017,9.895116598
Uruguay,URY,2018,9.935544433
Uruguay,URY,2019,10.32843869
Uzbekistan,UZB,2010,32.29140696
Uzbekistan,UZB,2011,34.78486605
Uzbekistan,UZB,2012,34.78609557
Uzbekistan,UZB,2013,35.06871307
Uzbekistan,UZB,2014,35.1167798
Uzbekistan,UZB,2015,35.48586783
Uzbekistan,UZB,2016,37.5033592
Uzbekistan,UZB,2017,39.02130032
Uzbekistan,UZB,2018,39.4845918
Uzbekistan,UZB,2019,41.43852028
Vanuatu,VUT,2010,12.52967863
Vanuatu,VUT,2011,12.84788559
Vanuatu,VUT,2012,12.88296752
Vanuatu,VUT,2013,12.8929333
Vanuatu,VUT,2014,12.89853604
Vanuatu,VUT,2015,13.03072112
Vanuatu,VUT,2016,13.07494413
Vanuatu,VUT,2017,13.16791653
Vanuatu,VUT,2018,13.22117063
Vanuatu,VUT,2019,13.28704919
"Venezuela, RB",VEN,2010,21.45612493
"Venezuela, RB",VEN,2011,21.67255829
"Venezuela, RB",VEN,2012,21.74698878
"Venezuela, RB",VEN,2013,21.83009872
"Venezuela, RB",VEN,2014,21.94482038
"Venezuela, RB",VEN,2015,22.22732307
"Venezuela, RB",VEN,2016,22.43318785
"Venezuela, RB",VEN,2017,22.52866596
"Venezuela, RB",VEN,2018,23.04711653
"Venezuela, RB",VEN,2019,24.33177624
Vietnam,VNM,2010,20.3898157
Vietnam,VNM,2011,20.47951266
Vietnam,VNM,2012,20.5326508
Vietnam,VNM,2013,21.82366181
Vietnam,VNM,2014,22.34041158
Vietnam,VNM,2015,22.54560976
Vietnam,VNM,2016,23.62616281
Vietnam,VNM,2017,23.78443184
Vietnam,VNM,2018,25.2377872
Vietnam,VNM,2019,27.10947116
Virgin Islands (U.S.),VIR,2010,7.284503794
Virgin Islands (U.S.),VIR,2011,7.804119282
Virgin Islands (U.S.),VIR,2012,7.829568
Virgin Islands (U.S.),VIR,2013,8.13579952
Virgin Islands (U.S.),VIR,2014,8.184549513
Virgin Islands (U.S.),VIR,2015,8.704295452
Virgin Islands (U.S.),VIR,2016,8.824996753
Virgin Islands (U.S.),VIR,2017,8.904008645
Virgin Islands (U.S.),VIR,2018,8.966864965
Virgin Islands (U.S.),VIR,2019,8.996021018
West Bank and Gaza,PSE,2010,31.30254529
West Bank and Gaza,PSE,2011,31.47268397
West Bank and Gaza,PSE,2012,31.89103296
West Bank and Gaza,PSE,2013,32.14535358
West Bank and Gaza,PSE,2014,32.78220108
West Bank and Gaza,PSE,2015,33.87448361
West Bank and Gaza,PSE,2016,34.50384906
West Bank and Gaza,PSE,2017,35.3216485
West Bank and Gaza,PSE,2018,35.79313049
West Bank and Gaza,PSE,2019,36.06128484
World,WLD,2010,42.80516239
World,WLD,2011,42.83707268
World,WLD,2012,42.97430186
World,WLD,2013,43.07826122
World,WLD,2014,44.6676141
World,WLD,2015,45.70309208
World,WLD,2016,46.33432459
World,WLD,2017,46.470802
World,WLD,2018,47.42355344
World,WLD,2019,47.65306126
"Yemen, Rep.",YEM,2010,43.69608477
"Yemen, Rep.",YEM,2011,44.46696713
"Yemen, Rep.",YEM,2012,44.68925506
"Yemen, Rep.",YEM,2013,44.95047945
"Yemen, Rep.",YEM,2014,45.14403975
"Yemen, Rep.",YEM,2015,46.44225626
"Yemen, Rep.",YEM,2016,48.33063334
"Yemen, Rep.",YEM,2017,48.88552552
"Yemen, Rep.",YEM,2018,51.40472879
"Yemen, Rep.",YEM,2019,54.41184561
Zambia,ZMB,2010,25.92546019
Zambia,ZMB,2011,26.18112194
Zambia,ZMB,2012,26.34770053
Zambia,ZMB,2013,27.02852733
Zambia,ZMB,2014,27.28505272
Zambia,ZMB,2015,27.34918603
Zambia,ZMB,2016,27.40906413
Zambia,ZMB,2017,28.11089482
Zambia,ZMB,2018,28.26273741
Zambia,ZMB,2019,28.3606157
Zimbabwe,ZWE,2010,20.83469969
Zimbabwe,ZWE,2011,22.08555546
Zimbabwe,ZWE,2012,22.58245063
Zimbabwe,ZWE,2013,24.59143017
Zimbabwe,ZWE,2014,25.32739516
Zimbabwe,ZWE,2015,25.51128869
Zimbabwe,ZWE,2016,25.92895692
Zimbabwe,ZWE,2017,26.14668826
Zimbabwe,ZWE,2018,26.25681984
Zimbabwe,ZWE,2019,26.28825071
